schema_version,id,family_id,name,category,object_type,rarity,tier,biome,faction_affinity,state,composition,material_class,crafting_roles,compatible_disciplines,durability_class,weight_class,function,mechanical_hook,trade_use,quest_use,visual_identity,drawback,salvage_outputs,tags,base_value,scarcity_multiplier,suggested_value,stack_limit,tone,short_description,table_description,effect,value,weight,source_table
"2.0.0","pitm-0036","itm-fam-036","Brineworn Relic","relic","arcane-focus","common","1","coastal","harbor guilds","finished","mixed|sealed brass","mixed","focus","enchanting|artifice","delicate","light","Anchors lore and controlled supernatural inquiry. Its marks remain legible through salt exposure and identify harbor authority or ownership.","Comparing its marks, material, and response with a documented account can confirm or challenge one piece of inherited lore; in coastal, its marks remain legible through salt exposure and identify harbor authority or ownership. For this documented historical object, tier 1: removes one predictable obstruction; visible use can still reveal the bearer.","For this documented historical object, harbor outfitters pay a premium before storm season; it anchors lore and controlled supernatural inquiry. Inspect provenance marks, repair layers, material age, resonant response, and consistency with the archive record; ordinary service wear; a sealed brass match supports a 92-unit guide price.","Documented historical object clue: its guild knots can identify a ship, dock crew, or disputed cargo. Check provenance marks, repair layers, material age, resonant response, and consistency with the archive record, then compare against harbor guilds' sealed brass standard; agreement across fittings and wear makes the lead credible; one modern repair does not.","Documented historical object with salt-pitted surfaces, blue cord, and sealed brass fittings.","Restoration can erase the contradiction that made the object historically useful; in coastal, scraping away salt damage can also erase evidence of provenance. At tier 1, this documented historical object is likely to surface during preparation when harbor guilds rely on it.","focus fragment|inscribed fitting","relic|arcane-focus|common|tier-1|coastal|harbor-guilds|finished|weathered|mixed|focus","92","1","92","1","weathered","Brineworn Relic is rated common and belongs to the documented historical object class associated with harbor guilds for coastal use.","Documented historical object with salt-pitted surfaces, blue cord, and sealed brass fittings. Anchors lore and controlled supernatural inquiry. Its marks remain legible through salt exposure and identify harbor authority or ownership.","Comparing its marks, material, and response with a documented account can confirm or challenge one piece of inherited lore; in coastal, its marks remain legible through salt exposure and identify harbor authority or ownership. For this documented historical object, tier 1: removes one predictable obstruction; visible use can still reveal the bearer.","92","0.5","premium-table-01"
"2.0.0","pitm-0016","itm-fam-016","Brineworn Cup","trade","ceremonial-vessel","common","1","coastal","harbor guilds","finished","ceramic|sealed brass","ceramic","none","","stable","medium","Moves as a valued household or ceremonial good. It is packed for wet docks and repeated transfer between small vessels.","Using it in a formal exchange can reveal hospitality, rank, taboo, or whether participants recognize the same custom; in coastal, it is packed for wet docks and repeated transfer between small vessels. For this refined drinking vessel, tier 1: removes one predictable obstruction; visible use can still reveal the bearer.","For this refined drinking vessel, harbor outfitters pay a premium before storm season; it moves as a valued household or ceremonial good. Inspect rim wear, glaze repairs, maker marks, residue, and whether paired ceremonial details remain intact; ordinary service wear; a sealed brass match supports a 17-unit guide price.","Refined drinking vessel clue: its guild knots can identify a ship, dock crew, or disputed cargo. Check rim wear, glaze repairs, maker marks, residue, and whether paired ceremonial details remain intact, then compare against harbor guilds' sealed brass standard; corroborate the claimed route only when construction and handling marks align.","Refined drinking vessel with salt-pitted surfaces, blue cord, and sealed brass fittings.","An unnoticed repair or contaminant can turn a trust-building ritual into an insult or accusation; in coastal, waterproof packing can conceal damage until the bundle is opened. This refined drinking vessel's tier-1 fault is likely to surface during preparation; Harbor guilds recognize its sealed brass construction.","packing material","trade|ceremonial-vessel|common|tier-1|coastal|harbor-guilds|finished|weathered|ceramic","17","1","17","4","weathered","Brineworn Cup is rated common and belongs to the refined drinking vessel class associated with harbor guilds for coastal use.","Refined drinking vessel with salt-pitted surfaces, blue cord, and sealed brass fittings. Moves as a valued household or ceremonial good. It is packed for wet docks and repeated transfer between small vessels.","Using it in a formal exchange can reveal hospitality, rank, taboo, or whether participants recognize the same custom; in coastal, it is packed for wet docks and repeated transfer between small vessels. For this refined drinking vessel, tier 1: removes one predictable obstruction; visible use can still reveal the bearer.","17","1.5","premium-table-01"
"2.0.0","pitm-0012","itm-fam-012","Brineworn Chisel","tool","field-tool","uncommon","2","coastal","harbor guilds","finished","metal|sealed brass","metal","none","smithing|woodcraft|survival|artifice","working","light","Shapes stone, wood, or soft metal precisely. It uses corrosion-resistant surfaces and drainage-aware construction to remain serviceable after spray and rain.","Setting its angle before the strike creates a controlled cut, fracture, or maker mark in a chosen surface; in coastal, it uses corrosion-resistant surfaces and drainage-aware construction to remain serviceable after spray and rain. For this cutting chisel, tier 2: replaces one uncertain step with a controlled choice; success depends on maintaining the prepared conditions.","For this cutting chisel, harbor outfitters pay a premium before storm season; it shapes stone, wood, or soft metal precisely. Inspect edge angle, mushrooming at the struck end, shaft straightness, and chips along the working face; a trained owner's maintenance marks; a sealed brass match supports a 29-unit guide price.","Cutting chisel clue: its guild knots can identify a ship, dock crew, or disputed cargo. Check edge angle, mushrooming at the struck end, shaft straightness, and chips along the working face, then compare against harbor guilds' sealed brass standard; agreement across fittings and wear makes the lead credible; one modern repair does not.","Cutting chisel with salt-pitted surfaces, blue cord, and sealed brass fittings.","A damaged edge redirects the next strike and can destroy the detail or fracture line being established; in coastal, salt crystals collect around fittings and contact surfaces unless they are rinsed after use. Cutting chisel consequence at tier 2: A fault may expose the operator's route or supplier when harbor guilds rely on it.","tool component|binding material","tool|field-tool|uncommon|tier-2|coastal|harbor-guilds|finished|weathered|metal","24","1.2","29","1","weathered","Brineworn Chisel is rated uncommon and belongs to the cutting chisel class associated with harbor guilds for coastal use.","Cutting chisel with salt-pitted surfaces, blue cord, and sealed brass fittings. Shapes stone, wood, or soft metal precisely. It uses corrosion-resistant surfaces and drainage-aware construction to remain serviceable after spray and rain.","Setting its angle before the strike creates a controlled cut, fracture, or maker mark in a chosen surface; in coastal, it uses corrosion-resistant surfaces and drainage-aware construction to remain serviceable after spray and rain. For this cutting chisel, tier 2: replaces one uncertain step with a controlled choice; success depends on maintaining the prepared conditions.","29","0.5","premium-table-01"
"2.0.0","pitm-0017","itm-fam-017","Brineworn Dagger","weapon","weapon","uncommon","2","coastal","harbor guilds","finished","metal|sealed brass","metal","none","smithing","heavy","medium","Favors concealment and close control. It uses corrosion-resistant surfaces and drainage-aware construction to remain serviceable after spray and rain.","Its draw and grip can be prepared for concealment, close control, or a deliberate show of threat; in coastal, it uses corrosion-resistant surfaces and drainage-aware construction to remain serviceable after spray and rain. For this short thrusting weapon, tier 2: replaces one uncertain step with a controlled choice; careless use immediately exposes the operator.","For this short thrusting weapon, harbor outfitters pay a premium before storm season; it favors concealment and close control. Inspect point alignment, edge damage, guard movement, sheath retention, and signs of a recently changed grip; a trained owner's maintenance marks; a sealed brass match supports a 47-unit guide price.","Short thrusting weapon clue: its guild knots can identify a ship, dock crew, or disputed cargo. Check point alignment, edge damage, guard movement, sheath retention, and signs of a recently changed grip, then compare against harbor guilds' sealed brass standard; corroborate the claimed route only when construction and handling marks align.","Short thrusting weapon with salt-pitted surfaces, blue cord, and sealed brass fittings.","A loose guard or unreliable sheath makes concealment more dangerous to the bearer than the target; in coastal, salt crystals collect around fittings and contact surfaces unless they are rinsed after use. For this short thrusting weapon, tier 2 failure may expose the operator's route or supplier; Harbor guilds encounter the fault in use.","metal component|grip material","weapon|uncommon|tier-2|coastal|harbor-guilds|finished|weathered|metal","39","1.2","47","1","weathered","Brineworn Dagger is rated uncommon and belongs to the short thrusting weapon class associated with harbor guilds for coastal use.","Short thrusting weapon with salt-pitted surfaces, blue cord, and sealed brass fittings. Favors concealment and close control. It uses corrosion-resistant surfaces and drainage-aware construction to remain serviceable after spray and rain.","Its draw and grip can be prepared for concealment, close control, or a deliberate show of threat; in coastal, it uses corrosion-resistant surfaces and drainage-aware construction to remain serviceable after spray and rain. For this short thrusting weapon, tier 2: replaces one uncertain step with a controlled choice; careless use immediately exposes the operator.","47","1.5","premium-table-01"
"2.0.0","pitm-0008","itm-fam-008","Brineworn Bottle","consumable","prepared-consumable","rare","3","coastal","harbor guilds","consumable","glass|sealed brass","glass","none","alchemy|cooking","fragile","light","Stores a measured single-use liquid. Its dose is protected by a gasketed container or moisture-shedding wrapper.","Its measured seal preserves one liquid dose and makes unauthorized opening easier to detect; in coastal, its dose is protected by a gasketed container or moisture-shedding wrapper. For this sealed prepared draught, tier 3: carries its prepared advantage across a complete encounter; the item cannot replace situational judgment.","For this sealed prepared draught, harbor outfitters pay a premium before storm season; it stores a measured single-use liquid. Inspect seal continuity, glass clouding, stopper fit, fill level, and residue around the neck; field-ready condition with verifiable provenance; a sealed brass match supports a 28-unit guide price.","Sealed prepared draught clue: its guild knots can identify a ship, dock crew, or disputed cargo. Check seal continuity, glass clouding, stopper fit, fill level, and residue around the neck, then compare against harbor guilds' sealed brass standard; construction evidence outranks testimony when the two disagree.","Sealed prepared draught with salt-pitted surfaces, blue cord, and sealed brass fittings.","A hairline crack or reseated stopper can preserve the appearance of safety after the contents are compromised; in coastal, a damaged seal lets humidity spoil the contents quickly. For this sealed prepared draught, tier 3 failure can turn a controlled scene into an exposed retreat; Harbor guilds encounter the fault in use.","container","consumable|prepared-consumable|rare|tier-3|coastal|harbor-guilds|weathered|glass","18","1.55","28","6","weathered","Brineworn Bottle is rated rare and belongs to the sealed prepared draught class associated with harbor guilds for coastal use.","Sealed prepared draught with salt-pitted surfaces, blue cord, and sealed brass fittings. Stores a measured single-use liquid. Its dose is protected by a gasketed container or moisture-shedding wrapper.","Its measured seal preserves one liquid dose and makes unauthorized opening easier to detect; in coastal, its dose is protected by a gasketed container or moisture-shedding wrapper. For this sealed prepared draught, tier 3: carries its prepared advantage across a complete encounter; the item cannot replace situational judgment.","28","0.5","premium-table-01"
"2.0.0","pitm-0018","itm-fam-018","Brineworn Drum","trinket","personal-object","rare","3","coastal","harbor guilds","finished","hide|sealed brass","hide","focus","enchanting","delicate","tiny","Coordinates groups through rhythm. Its marks remain legible through salt exposure and identify harbor authority or ownership.","A rehearsed rhythm can synchronize movement, work, warning, or ceremony across a group; in coastal, its marks remain legible through salt exposure and identify harbor authority or ownership. For this portable signal drum, tier 3: carries its prepared advantage across a complete encounter; the item cannot replace situational judgment.","For this portable signal drum, harbor outfitters pay a premium before storm season; it coordinates groups through rhythm. Inspect head tension, frame cracks, lacing order, moisture, and whether the tone matches the intended cadence; field-ready condition with verifiable provenance; a sealed brass match supports a 48-unit guide price.","Portable signal drum clue: its guild knots can identify a ship, dock crew, or disputed cargo. Check head tension, frame cracks, lacing order, moisture, and whether the tone matches the intended cadence, then compare against harbor guilds' sealed brass standard; matching wear supports the account, while fresh work points to a planted lead.","Portable signal drum with salt-pitted surfaces, blue cord, and sealed brass fittings.","Uneven tension distorts the rhythm enough to split a coordinated response; in coastal, scraping away salt damage can also erase evidence of provenance. At tier 3, this portable signal drum can turn a controlled scene into an exposed retreat when harbor guilds rely on it.","small fitting","trinket|personal-object|rare|tier-3|coastal|harbor-guilds|finished|weathered|hide|focus","31","1.55","48","3","weathered","Brineworn Drum is rated rare and belongs to the portable signal drum class associated with harbor guilds for coastal use.","Portable signal drum with salt-pitted surfaces, blue cord, and sealed brass fittings. Coordinates groups through rhythm. Its marks remain legible through salt exposure and identify harbor authority or ownership.","A rehearsed rhythm can synchronize movement, work, warning, or ceremony across a group; in coastal, its marks remain legible through salt exposure and identify harbor authority or ownership. For this portable signal drum, tier 3: carries its prepared advantage across a complete encounter; the item cannot replace situational judgment.","48","0.1","premium-table-01"
"2.0.0","pitm-0044","itm-fam-044","Brineworn Spindle","crafting","workshop-tool","rare","4","coastal","harbor guilds","finished","wood|sealed brass","wood","none","tailoring","working","light","Controls fiber tension during thread production. It uses corrosion-resistant surfaces and drainage-aware construction to remain serviceable after spray and rain.","Maintaining its axis and tension produces repeatable thread suitable for later binding, repair, or fabrication; in coastal, it uses corrosion-resistant surfaces and drainage-aware construction to remain serviceable after spray and rain. For this textile spindle, tier 4: keeps a multi-stage operation aligned; unexpected opposition requires another plan.","For this textile spindle, harbor outfitters pay a premium before storm season; it controls fiber tension during thread production. Inspect shaft straightness, whorl balance, hook wear, surface drag, and consistency of a short test winding; a scarce configuration tied to a known commission; a sealed brass match supports a 49-unit guide price.","Textile spindle clue: its guild knots can identify a ship, dock crew, or disputed cargo. Check shaft straightness, whorl balance, hook wear, surface drag, and consistency of a short test winding, then compare against harbor guilds' sealed brass standard; matching wear supports the account, while fresh work points to a planted lead.","Textile spindle with salt-pitted surfaces, blue cord, and sealed brass fittings.","A bent shaft introduces a repeating weakness through the entire length of finished thread; in coastal, salt crystals collect around fittings and contact surfaces unless they are rinsed after use. Textile spindle consequence at tier 4: A fault may compromise several linked tasks at once when harbor guilds rely on it.","turned wood|spindle fitting","crafting|workshop-tool|rare|tier-4|coastal|harbor-guilds|finished|weathered|wood","26","1.9","49","1","weathered","Brineworn Spindle is rated rare and belongs to the textile spindle class associated with harbor guilds for coastal use.","Textile spindle with salt-pitted surfaces, blue cord, and sealed brass fittings. Controls fiber tension during thread production. It uses corrosion-resistant surfaces and drainage-aware construction to remain serviceable after spray and rain.","Maintaining its axis and tension produces repeatable thread suitable for later binding, repair, or fabrication; in coastal, it uses corrosion-resistant surfaces and drainage-aware construction to remain serviceable after spray and rain. For this textile spindle, tier 4: keeps a multi-stage operation aligned; unexpected opposition requires another plan.","49","0.5","premium-table-01"
"2.0.0","pitm-0009","itm-fam-009","Brineworn Brooch","wearable","wearable","rare","4","coastal","harbor guilds","finished","metal|sealed brass","metal","none","tailoring|smithing","working","light","Fastens layers and displays affiliation. It uses waxed seams and corrosion-resistant fasteners for wet coastal travel.","Locking it through layered fabric can secure travel clothing while presenting one deliberate affiliation; in coastal, it uses waxed seams and corrosion-resistant fasteners for wet coastal travel. For this locking garment brooch, tier 4: keeps a multi-stage operation aligned; active danger still needs a separate answer.","For this locking garment brooch, harbor outfitters pay a premium before storm season; it fastens layers and displays affiliation. Inspect pin straightness, hinge play, catch tension, and wear around the displayed emblem; a scarce configuration tied to a known commission; a sealed brass match supports a 57-unit guide price.","Locking garment brooch clue: its guild knots can identify a ship, dock crew, or disputed cargo. Check pin straightness, hinge play, catch tension, and wear around the displayed emblem, then compare against harbor guilds' sealed brass standard; use the oldest intact surface to decide whether the claim is genuine.","Locking garment brooch with salt-pitted surfaces, blue cord, and sealed brass fittings.","A bent pin can release under load, while a substituted emblem can misidentify the wearer; in coastal, its waterproof treatment must be renewed after prolonged immersion. At tier 4, this locking garment brooch may compromise several linked tasks at once when harbor guilds rely on it.","fastener|fabric or hide","wearable|rare|tier-4|coastal|harbor-guilds|finished|weathered|metal","30","1.9","57","1","weathered","Brineworn Brooch is rated rare and belongs to the locking garment brooch class associated with harbor guilds for coastal use.","Locking garment brooch with salt-pitted surfaces, blue cord, and sealed brass fittings. Fastens layers and displays affiliation. It uses waxed seams and corrosion-resistant fasteners for wet coastal travel.","Locking it through layered fabric can secure travel clothing while presenting one deliberate affiliation; in coastal, it uses waxed seams and corrosion-resistant fasteners for wet coastal travel. For this locking garment brooch, tier 4: keeps a multi-stage operation aligned; active danger still needs a separate answer.","57","0.5","premium-table-01"
"2.0.0","pitm-0045","itm-fam-045","Brineworn Stone","material","raw-material","epic","5","coastal","harbor guilds","raw","mineral|sealed brass","mineral","base|catalyst|structure","alchemy|smithing|artifice|woodcraft|survival","stable","medium","Provides mass, structure, pigment, or catalytic mineral. It is washed, graded, and sealed so moisture does not spoil its useful property.","Testing and orienting it before use supplies predictable mass, structure, pigment, or catalytic mineral; in coastal, it is washed, graded, and sealed so moisture does not spoil its useful property. For this selected working stone, tier 5: can settle a campaign-level obstacle under exact conditions; failure remains possible once the scene changes.","For this selected working stone, harbor outfitters pay a premium before storm season; it provides mass, structure, pigment, or catalytic mineral. Inspect grain, hidden fractures, inclusions, moisture, surface treatment, and response to a small test strike; an extraordinary build with corroborated ownership; a sealed brass match supports a 40-unit guide price.","Selected working stone clue: its guild knots can identify a ship, dock crew, or disputed cargo. Check grain, hidden fractures, inclusions, moisture, surface treatment, and response to a small test strike, then compare against harbor guilds' sealed brass standard; matching wear supports the account, while fresh work points to a planted lead.","Selected working stone with salt-pitted surfaces, blue cord, and sealed brass fittings.","An unnoticed seam can split under load or contaminate every batch ground from it; in coastal, residual salt must be removed before precise alchemical or mechanical work. Harbor guilds face this selected working stone's tier-5 risk, which can reverse the intended advantage at campaign scale.","","material|raw-material|epic|tier-5|coastal|harbor-guilds|raw|weathered|mineral|base|catalyst|structure","16","2.5","40","20","weathered","Brineworn Stone is rated epic and belongs to the selected working stone class associated with harbor guilds for coastal use.","Selected working stone with salt-pitted surfaces, blue cord, and sealed brass fittings. Provides mass, structure, pigment, or catalytic mineral. It is washed, graded, and sealed so moisture does not spoil its useful property.","Testing and orienting it before use supplies predictable mass, structure, pigment, or catalytic mineral; in coastal, it is washed, graded, and sealed so moisture does not spoil its useful property. For this selected working stone, tier 5: can settle a campaign-level obstacle under exact conditions; failure remains possible once the scene changes.","40","1.5","premium-table-01"
"2.0.0","pitm-0025","itm-fam-025","Brineworn Key","quest","key-item","epic","5","coastal","harbor guilds","key-item","metal|sealed brass","metal","none","","stable","tiny","Opens or authenticates one linked mechanism. Its marks remain legible through salt exposure and identify harbor authority or ownership.","Matching its coded surfaces to the linked mechanism can open access or prove that the bearer controls an authorized copy; in coastal, its marks remain legible through salt exposure and identify harbor authority or ownership. For this coded access key, tier 5: can settle a campaign-level obstacle under exact conditions; failure remains possible once the scene changes.","For this coded access key, harbor outfitters pay a premium before storm season; it opens or authenticates one linked mechanism. Inspect tooth wear, shaft straightness, code marks, repair seams, and residue from the intended lock; an extraordinary build with corroborated ownership; a sealed brass match supports a 50-unit guide price.","Coded access key clue: its guild knots can identify a ship, dock crew, or disputed cargo. Check tooth wear, shaft straightness, code marks, repair seams, and residue from the intended lock, then compare against harbor guilds' sealed brass standard; if the physical pattern conflicts with the story, suspend the attribution.","Coded access key with salt-pitted surfaces, blue cord, and sealed brass fittings.","A near-copy can enter the mechanism yet jam before completing authentication; in coastal, scraping away salt damage can also erase evidence of provenance. At tier 5, this coded access key can reverse the intended advantage at campaign scale when harbor guilds rely on it.","","quest|key-item|epic|tier-5|coastal|harbor-guilds|weathered|metal","20","2.5","50","1","weathered","Brineworn Key is rated epic and belongs to the coded access key class associated with harbor guilds for coastal use.","Coded access key with salt-pitted surfaces, blue cord, and sealed brass fittings. Opens or authenticates one linked mechanism. Its marks remain legible through salt exposure and identify harbor authority or ownership.","Matching its coded surfaces to the linked mechanism can open access or prove that the bearer controls an authorized copy; in coastal, its marks remain legible through salt exposure and identify harbor authority or ownership. For this coded access key, tier 5: can settle a campaign-level obstacle under exact conditions; failure remains possible once the scene changes.","50","0.1","premium-table-01"
"2.0.0","pitm-0075","itm-fam-025","Mossbound Key","quest","key-item","common","1","forest","green-road wardens","key-item","metal|resin-treated wood","metal","none","","stable","tiny","Opens or authenticates one linked mechanism. Its resin stamp and green-road markings can be read without exposing a reflective surface.","Matching its coded surfaces to the linked mechanism can open access or prove that the bearer controls an authorized copy; in forest, its resin stamp and green-road markings can be read without exposing a reflective surface. For this coded access key, tier 1: clears one routine complication; careless use immediately exposes the operator.","For this coded access key, wardens and caravan scouts value intact examples; it opens or authenticates one linked mechanism. Inspect tooth wear, shaft straightness, code marks, repair seams, and residue from the intended lock; routine workshop finish; a resin-treated wood match supports a 12-unit guide price.","Coded access key clue: its resin stamp can trace an object to a protected woodland route. Check tooth wear, shaft straightness, code marks, repair seams, and residue from the intended lock, then compare against green-road wardens' resin-treated wood standard; separate ordinary repair from deliberate alteration before trusting the clue.","Coded access key with oiled wood, moss-green wrapping, and resin-dark seams.","A near-copy can enter the mechanism yet jam before completing authentication; in forest, smoke and heat can blur the resin mark that establishes its origin. For this coded access key, tier 1 failure normally costs only a routine adjustment; Green-road wardens encounter the fault in use.","","quest|key-item|common|tier-1|forest|green-road-wardens|practical|metal","12","1","12","1","practical","Mossbound Key is rated common and belongs to the coded access key class associated with green-road wardens for forest use.","Coded access key with oiled wood, moss-green wrapping, and resin-dark seams. Opens or authenticates one linked mechanism. Its resin stamp and green-road markings can be read without exposing a reflective surface.","Matching its coded surfaces to the linked mechanism can open access or prove that the bearer controls an authorized copy; in forest, its resin stamp and green-road markings can be read without exposing a reflective surface. For this coded access key, tier 1: clears one routine complication; careless use immediately exposes the operator.","12","0.1","premium-table-02"
"2.0.0","pitm-0065","itm-fam-015","Mossbound Crown","relic","arcane-focus","common","1","forest","green-road wardens","finished","metal|resin-treated wood","metal","focus","enchanting|artifice","delicate","light","Embodies authority, succession, or ritual claim. Its resin stamp and green-road markings can be read without exposing a reflective surface.","Wearing or presenting it before witnesses can force a question of authority, succession, or ritual standing into the open; in forest, its resin stamp and green-road markings can be read without exposing a reflective surface. For this ceremonial headpiece, tier 1: clears one routine complication; careless use immediately exposes the operator.","For this ceremonial headpiece, wardens and caravan scouts value intact examples; it embodies authority, succession, or ritual claim. Inspect fit, missing settings, repaired breaks, heraldic order, and evidence that the inner band matches the claimant; routine workshop finish; a resin-treated wood match supports a 102-unit guide price.","Ceremonial headpiece clue: its resin stamp can trace an object to a protected woodland route. Check fit, missing settings, repaired breaks, heraldic order, and evidence that the inner band matches the claimant, then compare against green-road wardens' resin-treated wood standard; treat inconsistent workmanship as evidence that the trail was altered.","Ceremonial headpiece with oiled wood, moss-green wrapping, and resin-dark seams.","A false repair or displaced emblem can convert a claim of authority into a public challenge; in forest, smoke and heat can blur the resin mark that establishes its origin. This ceremonial headpiece's tier-1 fault normally costs only a routine adjustment; Green-road wardens recognize its resin-treated wood construction.","focus fragment|inscribed fitting","relic|arcane-focus|common|tier-1|forest|green-road-wardens|finished|practical|metal|focus","102","1","102","1","practical","Mossbound Crown is rated common and belongs to the ceremonial headpiece class associated with green-road wardens for forest use.","Ceremonial headpiece with oiled wood, moss-green wrapping, and resin-dark seams. Embodies authority, succession, or ritual claim. Its resin stamp and green-road markings can be read without exposing a reflective surface.","Wearing or presenting it before witnesses can force a question of authority, succession, or ritual standing into the open; in forest, its resin stamp and green-road markings can be read without exposing a reflective surface. For this ceremonial headpiece, tier 1: clears one routine complication; careless use immediately exposes the operator.","102","0.5","premium-table-02"
"2.0.0","pitm-0081","itm-fam-031","Mossbound Needle","tool","field-tool","uncommon","2","forest","green-road wardens","finished","metal|resin-treated wood","metal","none","smithing|woodcraft|survival|artifice","working","light","Supports stitching, sampling, or delicate repair. It uses muted finishes and snag-resistant edges for quiet field use and transport through dense growth.","Using its point and eye for one precise pass can stitch, sample, probe, or repair without disturbing nearby material; in forest, it uses muted finishes and snag-resistant edges for quiet field use and transport through dense growth. For this precision needle, tier 2: gives the group a measured choice instead of a blind attempt; new hazards remain outside its scope.","For this precision needle, wardens and caravan scouts value intact examples; it supports stitching, sampling, or delicate repair. Inspect point straightness, burrs, eye cracks, surface residue, and flex under light pressure; specialist use with one intact regional feature; a resin-treated wood match supports a 14-unit guide price.","Precision needle clue: its resin stamp can trace an object to a protected woodland route. Check point straightness, burrs, eye cracks, surface residue, and flex under light pressure, then compare against green-road wardens' resin-treated wood standard; construction evidence outranks testimony when the two disagree.","Precision needle with oiled wood, moss-green wrapping, and resin-dark seams.","A hidden burr tears the material or contaminates the sample during withdrawal; in forest, heat softens the resin that secures its wrapped or fitted parts. Precision needle consequence at tier 2: A fault can spoil one prepared step without ending the operation when green-road wardens rely on it.","tool component|binding material","tool|field-tool|uncommon|tier-2|forest|green-road-wardens|finished|practical|metal","12","1.2","14","1","practical","Mossbound Needle is rated uncommon and belongs to the precision needle class associated with green-road wardens for forest use.","Precision needle with oiled wood, moss-green wrapping, and resin-dark seams. Supports stitching, sampling, or delicate repair. It uses muted finishes and snag-resistant edges for quiet field use and transport through dense growth.","Using its point and eye for one precise pass can stitch, sample, probe, or repair without disturbing nearby material; in forest, it uses muted finishes and snag-resistant edges for quiet field use and transport through dense growth. For this precision needle, tier 2: gives the group a measured choice instead of a blind attempt; new hazards remain outside its scope.","14","0.5","premium-table-02"
"2.0.0","pitm-0066","itm-fam-016","Mossbound Cup","trade","ceremonial-vessel","uncommon","2","forest","green-road wardens","finished","ceramic|resin-treated wood","ceramic","none","","stable","medium","Moves as a valued household or ceremonial good. It is bundled for narrow trails and can be divided among pack carriers without repacking.","Using it in a formal exchange can reveal hospitality, rank, taboo, or whether participants recognize the same custom; in forest, it is bundled for narrow trails and can be divided among pack carriers without repacking. For this refined drinking vessel, tier 2: gives the group a measured choice instead of a blind attempt; the item cannot replace situational judgment.","For this refined drinking vessel, wardens and caravan scouts value intact examples; it moves as a valued household or ceremonial good. Inspect rim wear, glaze repairs, maker marks, residue, and whether paired ceremonial details remain intact; specialist use with one intact regional feature; a resin-treated wood match supports a 23-unit guide price.","Refined drinking vessel clue: its resin stamp can trace an object to a protected woodland route. Check rim wear, glaze repairs, maker marks, residue, and whether paired ceremonial details remain intact, then compare against green-road wardens' resin-treated wood standard; matching wear supports the account, while fresh work points to a planted lead.","Refined drinking vessel with oiled wood, moss-green wrapping, and resin-dark seams.","An unnoticed repair or contaminant can turn a trust-building ritual into an insult or accusation; in forest, loose forest packing offers little protection on open roads. Green-road wardens face this refined drinking vessel's tier-2 risk, which can spoil one prepared step without ending the operation.","packing material","trade|ceremonial-vessel|uncommon|tier-2|forest|green-road-wardens|finished|practical|ceramic","19","1.2","23","4","practical","Mossbound Cup is rated uncommon and belongs to the refined drinking vessel class associated with green-road wardens for forest use.","Refined drinking vessel with oiled wood, moss-green wrapping, and resin-dark seams. Moves as a valued household or ceremonial good. It is bundled for narrow trails and can be divided among pack carriers without repacking.","Using it in a formal exchange can reveal hospitality, rank, taboo, or whether participants recognize the same custom; in forest, it is bundled for narrow trails and can be divided among pack carriers without repacking. For this refined drinking vessel, tier 2: gives the group a measured choice instead of a blind attempt; the item cannot replace situational judgment.","23","1.5","premium-table-02"
"2.0.0","pitm-0067","itm-fam-017","Mossbound Dagger","weapon","weapon","rare","3","forest","green-road wardens","finished","metal|resin-treated wood","metal","none","smithing","heavy","medium","Favors concealment and close control. It uses muted finishes and snag-resistant edges for quiet field use and transport through dense growth.","Its draw and grip can be prepared for concealment, close control, or a deliberate show of threat; in forest, it uses muted finishes and snag-resistant edges for quiet field use and transport through dense growth. For this short thrusting weapon, tier 3: maintains a reliable edge until the scene changes; active danger still needs a separate answer.","For this short thrusting weapon, wardens and caravan scouts value intact examples; it favors concealment and close control. Inspect point alignment, edge damage, guard movement, sheath retention, and signs of a recently changed grip; a documented example ready for immediate use; a resin-treated wood match supports a 64-unit guide price.","Short thrusting weapon clue: its resin stamp can trace an object to a protected woodland route. Check point alignment, edge damage, guard movement, sheath retention, and signs of a recently changed grip, then compare against green-road wardens' resin-treated wood standard; corroborate the claimed route only when construction and handling marks align.","Short thrusting weapon with oiled wood, moss-green wrapping, and resin-dark seams.","A loose guard or unreliable sheath makes concealment more dangerous to the bearer than the target; in forest, heat softens the resin that secures its wrapped or fitted parts. This short thrusting weapon's tier-3 fault may reveal the supplier while the task is active; Green-road wardens recognize its resin-treated wood construction.","metal component|grip material","weapon|rare|tier-3|forest|green-road-wardens|finished|practical|metal","41","1.55","64","1","practical","Mossbound Dagger is rated rare and belongs to the short thrusting weapon class associated with green-road wardens for forest use.","Short thrusting weapon with oiled wood, moss-green wrapping, and resin-dark seams. Favors concealment and close control. It uses muted finishes and snag-resistant edges for quiet field use and transport through dense growth.","Its draw and grip can be prepared for concealment, close control, or a deliberate show of threat; in forest, it uses muted finishes and snag-resistant edges for quiet field use and transport through dense growth. For this short thrusting weapon, tier 3: maintains a reliable edge until the scene changes; active danger still needs a separate answer.","64","1.5","premium-table-02"
"2.0.0","pitm-0057","itm-fam-007","Mossbound Boots","wearable","wearable","rare","3","forest","green-road wardens","finished","hide|resin-treated wood","hide","none","tailoring|smithing","working","light","Protect footing across hostile terrain. Its flexible layers shed brush, soften noise, and accept field repairs with common cord.","Preparing the soles and closures for the route can protect footing and leave a recognizable travel trace; in forest, its flexible layers shed brush, soften noise, and accept field repairs with common cord. For this pair of travel boots, tier 3: maintains a reliable edge until the scene changes; active danger still needs a separate answer.","For this pair of travel boots, wardens and caravan scouts value intact examples; they protect footing across hostile terrain. Inspect sole separation, tread wear, closure tension, and moisture trapped beneath reinforced panels; a documented example ready for immediate use; a resin-treated wood match supports a 56-unit guide price.","Pair of travel boots clue: its resin stamp can trace an object to a protected woodland route. Check sole separation, tread wear, closure tension, and moisture trapped beneath reinforced panels, then compare against green-road wardens' resin-treated wood standard; use the oldest intact surface to decide whether the claim is genuine.","Travel boots with oiled wood, moss-green wrapping, and resin-dark seams.","A loosened sole or saturated lining can fail during the exact crossing the boots were meant to secure; in forest, burrs and resin accumulate if the garment is not brushed clean. Green-road wardens face this pair of travel boots' tier-3 risk, which may reveal the supplier while the task is active.","fastener|fabric or hide","wearable|rare|tier-3|forest|green-road-wardens|finished|practical|hide","36","1.55","56","1","practical","Mossbound Boots are rated rare and belong to the travel boots class associated with green-road wardens for forest use.","Travel boots with oiled wood, moss-green wrapping, and resin-dark seams. Protect footing across hostile terrain. Its flexible layers shed brush, soften noise, and accept field repairs with common cord.","Preparing the soles and closures for the route can protect footing and leave a recognizable travel trace; in forest, its flexible layers shed brush, soften noise, and accept field repairs with common cord. For this pair of travel boots, tier 3: maintains a reliable edge until the scene changes; active danger still needs a separate answer.","56","0.5","premium-table-02"
"2.0.0","pitm-0058","itm-fam-008","Mossbound Bottle","consumable","prepared-consumable","rare","4","forest","green-road wardens","consumable","glass|resin-treated wood","glass","none","alchemy|cooking","fragile","light","Stores a measured single-use liquid. A resin-lined wrap preserves the contents in damp shade without adding a strong scent.","Its measured seal preserves one liquid dose and makes unauthorized opening easier to detect; in forest, a resin-lined wrap preserves the contents in damp shade without adding a strong scent. For this sealed prepared draught, tier 4: extends its benefit to a team working from the same plan; its drawback applies as soon as preparation breaks down.","For this sealed prepared draught, wardens and caravan scouts value intact examples; it stores a measured single-use liquid. Inspect seal continuity, glass clouding, stopper fit, fill level, and residue around the neck; expert finishing without unexplained replacement parts; a resin-treated wood match supports a 38-unit guide price.","Sealed prepared draught clue: its resin stamp can trace an object to a protected woodland route. Check seal continuity, glass clouding, stopper fit, fill level, and residue around the neck, then compare against green-road wardens' resin-treated wood standard; construction evidence outranks testimony when the two disagree.","Sealed prepared draught with oiled wood, moss-green wrapping, and resin-dark seams.","A hairline crack or reseated stopper can preserve the appearance of safety after the contents are compromised; in forest, direct heat can taint the dose with softened resin. This sealed prepared draught's tier-4 fault can spread through a coordinated operation before detection; Green-road wardens recognize its resin-treated wood construction.","container","consumable|prepared-consumable|rare|tier-4|forest|green-road-wardens|practical|glass","20","1.9","38","6","practical","Mossbound Bottle is rated rare and belongs to the sealed prepared draught class associated with green-road wardens for forest use.","Sealed prepared draught with oiled wood, moss-green wrapping, and resin-dark seams. Stores a measured single-use liquid. A resin-lined wrap preserves the contents in damp shade without adding a strong scent.","Its measured seal preserves one liquid dose and makes unauthorized opening easier to detect; in forest, a resin-lined wrap preserves the contents in damp shade without adding a strong scent. For this sealed prepared draught, tier 4: extends its benefit to a team working from the same plan; its drawback applies as soon as preparation breaks down.","38","0.5","premium-table-02"
"2.0.0","pitm-0093","itm-fam-043","Mossbound Shell","material","raw-material","rare","4","forest","green-road wardens","raw","organic|resin-treated wood","organic","structure|finish","artifice|survival|woodcraft|tailoring|smithing","stable","light","Provides lightweight armor or alchemical mineral. It is harvested or cured to keep its working property stable in humid woodland storage.","Cutting and orienting it correctly can provide lightweight structure, finish, armor, or mineral reagent; in forest, it is harvested or cured to keep its working property stable in humid woodland storage. For this treated protective shell, tier 4: extends its benefit to a team working from the same plan; failure remains possible once the scene changes.","For this treated protective shell, wardens and caravan scouts value intact examples; it provides lightweight armor or alchemical mineral. Inspect layer separation, edge chalking, bore damage, contamination, and whether the natural curve matches the task; expert finishing without unexplained replacement parts; a resin-treated wood match supports a 34-unit guide price.","Treated protective shell clue: its resin stamp can trace an object to a protected woodland route. Check layer separation, edge chalking, bore damage, contamination, and whether the natural curve matches the task, then compare against green-road wardens' resin-treated wood standard; matching wear supports the account, while fresh work points to a planted lead.","Treated protective shell with oiled wood, moss-green wrapping, and resin-dark seams.","A hidden delamination spreads rapidly once the shell is drilled, heated, or loaded; in forest, poor ventilation encourages mold or resin bloom before refinement. For this treated protective shell, tier 4 failure can spread through a coordinated operation before detection; Green-road wardens encounter the fault in use.","","material|raw-material|rare|tier-4|forest|green-road-wardens|raw|practical|organic|structure|finish","18","1.9","34","20","practical","Mossbound Shell is rated rare and belongs to the treated protective shell class associated with green-road wardens for forest use.","Treated protective shell with oiled wood, moss-green wrapping, and resin-dark seams. Provides lightweight armor or alchemical mineral. It is harvested or cured to keep its working property stable in humid woodland storage.","Cutting and orienting it correctly can provide lightweight structure, finish, armor, or mineral reagent; in forest, it is harvested or cured to keep its working property stable in humid woodland storage. For this treated protective shell, tier 4: extends its benefit to a team working from the same plan; failure remains possible once the scene changes.","34","0.5","premium-table-02"
"2.0.0","pitm-0094","itm-fam-044","Mossbound Spindle","crafting","workshop-tool","epic","5","forest","green-road wardens","finished","wood|resin-treated wood","wood","none","tailoring","working","light","Controls fiber tension during thread production. It uses muted finishes and snag-resistant edges for quiet field use and transport through dense growth.","Maintaining its axis and tension produces repeatable thread suitable for later binding, repair, or fabrication; in forest, it uses muted finishes and snag-resistant edges for quiet field use and transport through dense growth. For this textile spindle, tier 5: can turn complete preparation into a decisive result; the regional constraint still governs the result.","For this textile spindle, wardens and caravan scouts value intact examples; it controls fiber tension during thread production. Inspect shaft straightness, whorl balance, hook wear, surface drag, and consistency of a short test winding; museum-grade documentation and uncompromised construction; a resin-treated wood match supports a 70-unit guide price.","Textile spindle clue: its resin stamp can trace an object to a protected woodland route. Check shaft straightness, whorl balance, hook wear, surface drag, and consistency of a short test winding, then compare against green-road wardens' resin-treated wood standard; corroborate the claimed route only when construction and handling marks align.","Textile spindle with oiled wood, moss-green wrapping, and resin-dark seams.","A bent shaft introduces a repeating weakness through the entire length of finished thread; in forest, heat softens the resin that secures its wrapped or fitted parts. At tier 5, this textile spindle can convert a successful operation into a major liability when green-road wardens rely on it.","turned wood|spindle fitting","crafting|workshop-tool|epic|tier-5|forest|green-road-wardens|finished|practical|wood","28","2.5","70","1","practical","Mossbound Spindle is rated epic and belongs to the textile spindle class associated with green-road wardens for forest use.","Textile spindle with oiled wood, moss-green wrapping, and resin-dark seams. Controls fiber tension during thread production. It uses muted finishes and snag-resistant edges for quiet field use and transport through dense growth.","Maintaining its axis and tension produces repeatable thread suitable for later binding, repair, or fabrication; in forest, it uses muted finishes and snag-resistant edges for quiet field use and transport through dense growth. For this textile spindle, tier 5: can turn complete preparation into a decisive result; the regional constraint still governs the result.","70","0.5","premium-table-02"
"2.0.0","pitm-0054","itm-fam-004","Mossbound Bell","trinket","personal-object","epic","5","forest","green-road wardens","finished","metal|resin-treated wood","metal","focus","enchanting","delicate","tiny","Carries coded sound through poor visibility. Its resin stamp and green-road markings can be read without exposing a reflective surface.","Selecting and sounding a known cadence can warn, assemble, or redirect listeners when sight lines are poor; in forest, its resin stamp and green-road markings can be read without exposing a reflective surface. For this signal bell, tier 5: can turn complete preparation into a decisive result; the regional constraint still governs the result.","For this signal bell, wardens and caravan scouts value intact examples; it carries coded sound through poor visibility. Inspect clapper clearance, suspension wear, rim cracks, and whether the tone still matches its recorded signal; museum-grade documentation and uncompromised construction; a resin-treated wood match supports a 70-unit guide price.","Signal bell clue: its resin stamp can trace an object to a protected woodland route. Check clapper clearance, suspension wear, rim cracks, and whether the tone still matches its recorded signal, then compare against green-road wardens' resin-treated wood standard; a mismatch suggests deliberate substitution; a match strengthens the origin claim.","Signal bell with oiled wood, moss-green wrapping, and resin-dark seams.","A changed tone can transmit the wrong instruction or reveal that a supposedly authentic bell has been altered; in forest, smoke and heat can blur the resin mark that establishes its origin. Signal bell consequence at tier 5: A fault can convert a successful operation into a major liability when green-road wardens rely on it.","small fitting","trinket|personal-object|epic|tier-5|forest|green-road-wardens|finished|practical|metal|focus","28","2.5","70","3","practical","Mossbound Bell is rated epic and belongs to the signal bell class associated with green-road wardens for forest use.","Signal bell with oiled wood, moss-green wrapping, and resin-dark seams. Carries coded sound through poor visibility. Its resin stamp and green-road markings can be read without exposing a reflective surface.","Selecting and sounding a known cadence can warn, assemble, or redirect listeners when sight lines are poor; in forest, its resin stamp and green-road markings can be read without exposing a reflective surface. For this signal bell, tier 5: can turn complete preparation into a decisive result; the regional constraint still governs the result.","70","0.1","premium-table-02"
"2.0.0","pitm-0144","itm-fam-044","Cairnforged Spindle","crafting","workshop-tool","common","1","highland","stone-banner clans","finished","wood|slate-tempered iron","wood","none","tailoring","working","light","Controls fiber tension during thread production. Its reinforced alignment tolerates vibration, hard impacts, and steep travel.","Maintaining its axis and tension produces repeatable thread suitable for later binding, repair, or fabrication; in highland, its reinforced alignment tolerates vibration, hard impacts, and steep travel. For this textile spindle, tier 1: handles one expected obstacle; the item cannot replace situational judgment.","For this textile spindle, clan factors buy pieces with an unbroken maker mark; it controls fiber tension during thread production. Inspect shaft straightness, whorl balance, hook wear, surface drag, and consistency of a short test winding; sound working condition; a slate-tempered iron match supports a 20-unit guide price.","Textile spindle clue: its knot motif records a bearer, oath, or mountain passage. Check shaft straightness, whorl balance, hook wear, surface drag, and consistency of a short test winding, then compare against stone-banner clans' slate-tempered iron standard; matching wear supports the account, while fresh work points to a planted lead.","Textile spindle with hammered iron, slate inlay, and climbing-knot motifs.","A bent shaft introduces a repeating weakness through the entire length of finished thread; in highland, the reinforcement adds weight that becomes costly on long climbs. For this textile spindle, tier 1 failure can be isolated before it affects the wider task; Stone-banner clans encounter the fault in use.","turned wood|spindle fitting","crafting|workshop-tool|common|tier-1|highland|stone-banner-clans|finished|ceremonial|wood","20","1","20","1","ceremonial","Cairnforged Spindle is rated common and belongs to the textile spindle class associated with stone-banner clans for highland use.","Textile spindle with hammered iron, slate inlay, and climbing-knot motifs. Controls fiber tension during thread production. Its reinforced alignment tolerates vibration, hard impacts, and steep travel.","Maintaining its axis and tension produces repeatable thread suitable for later binding, repair, or fabrication; in highland, its reinforced alignment tolerates vibration, hard impacts, and steep travel. For this textile spindle, tier 1: handles one expected obstacle; the item cannot replace situational judgment.","20","0.5","premium-table-03"
"2.0.0","pitm-0114","itm-fam-014","Cairnforged Compass","tool","field-tool","common","1","highland","stone-banner clans","finished","mechanical|slate-tempered iron","mechanical","none","smithing|woodcraft|survival|artifice","working","light","Establishes bearing under regional interference. Its reinforced alignment tolerates vibration, hard impacts, and steep travel.","Comparing its bearing before and after regional interference can reveal drift, hidden influence, or a safer heading; in highland, its reinforced alignment tolerates vibration, hard impacts, and steep travel. For this directional instrument, tier 1: handles one expected obstacle; the item cannot replace situational judgment.","For this directional instrument, clan factors buy pieces with an unbroken maker mark; it establishes bearing under regional interference. Inspect needle freedom, housing level, reference marks, and deviation against a known local bearing; sound working condition; a slate-tempered iron match supports a 42-unit guide price.","Directional instrument clue: its knot motif records a bearer, oath, or mountain passage. Check needle freedom, housing level, reference marks, and deviation against a known local bearing, then compare against stone-banner clans' slate-tempered iron standard; agreement across fittings and wear makes the lead credible; one modern repair does not.","Directional instrument with hammered iron, slate inlay, and climbing-knot motifs.","A sticky pivot can produce a convincing but consistently false route; in highland, the reinforcement adds weight that becomes costly on long climbs. Directional instrument consequence at tier 1: A fault can be isolated before it affects the wider task when stone-banner clans rely on it.","tool component|binding material","tool|field-tool|common|tier-1|highland|stone-banner-clans|finished|ceremonial|mechanical","42","1","42","1","ceremonial","Cairnforged Compass is rated common and belongs to the directional instrument class associated with stone-banner clans for highland use.","Directional instrument with hammered iron, slate inlay, and climbing-knot motifs. Establishes bearing under regional interference. Its reinforced alignment tolerates vibration, hard impacts, and steep travel.","Comparing its bearing before and after regional interference can reveal drift, hidden influence, or a safer heading; in highland, its reinforced alignment tolerates vibration, hard impacts, and steep travel. For this directional instrument, tier 1: handles one expected obstacle; the item cannot replace situational judgment.","42","0.5","premium-table-03"
"2.0.0","pitm-0135","itm-fam-035","Cairnforged Pipe","trade","personal-trade-good","uncommon","2","highland","stone-banner clans","finished","ceramic|slate-tempered iron","ceramic","none","","stable","medium","Serves as a compact trade and social object. It is braced for pack travel and marked for exchange at clan-controlled passes.","Preparing and sharing it under local custom can open a social exchange or transmit a coded signal; in highland, it is braced for pack travel and marked for exchange at clan-controlled passes. For this refined smoking or signal pipe, tier 2: converts one unknown into a visible compromise; active danger still needs a separate answer.","For this refined smoking or signal pipe, clan factors buy pieces with an unbroken maker mark; it serves as a compact trade and social object. Inspect bowl cracks, stem fit, residue layers, maker marks, and repairs that alter airflow; a complete specialist configuration; a slate-tempered iron match supports a 24-unit guide price.","Refined smoking or signal pipe clue: its knot motif records a bearer, oath, or mountain passage. Check bowl cracks, stem fit, residue layers, maker marks, and repairs that alter airflow, then compare against stone-banner clans' slate-tempered iron standard; use the oldest intact surface to decide whether the claim is genuine.","Refined smoking or signal pipe with hammered iron, slate inlay, and climbing-knot motifs.","Foreign residue or a substituted stem can turn a familiar ritual into evidence of deception; in highland, its specialized packing adds cost in lowland markets. For this refined smoking or signal pipe, tier 2 failure forces a choice between repair and delay; Stone-banner clans encounter the fault in use.","packing material","trade|personal-trade-good|uncommon|tier-2|highland|stone-banner-clans|finished|ceremonial|ceramic","20","1.2","24","4","ceremonial","Cairnforged Pipe is rated uncommon and belongs to the refined smoking or signal pipe class associated with stone-banner clans for highland use.","Refined smoking or signal pipe with hammered iron, slate inlay, and climbing-knot motifs. Serves as a compact trade and social object. It is braced for pack travel and marked for exchange at clan-controlled passes.","Preparing and sharing it under local custom can open a social exchange or transmit a coded signal; in highland, it is braced for pack travel and marked for exchange at clan-controlled passes. For this refined smoking or signal pipe, tier 2: converts one unknown into a visible compromise; active danger still needs a separate answer.","24","1.5","premium-table-03"
"2.0.0","pitm-0130","itm-fam-030","Cairnforged Mask","wearable","wearable","uncommon","2","highland","stone-banner clans","finished","mixed|slate-tempered iron","mixed","none","tailoring|smithing","working","light","Conceals identity or filters a specific hazard. Its load-bearing seams and close fit remain secure in strong wind and broken terrain.","Fitting it before exposure can conceal identity or filter one anticipated hazard, but not both equally; in highland, its load-bearing seams and close fit remain secure in strong wind and broken terrain. For this identity or filter mask, tier 2: converts one unknown into a visible compromise; unexpected opposition requires another plan.","For this identity or filter mask, clan factors buy pieces with an unbroken maker mark; it conceals identity or filters a specific hazard. Inspect seal fit, strap elasticity, filter condition, interior residue, and sight-line alignment; a complete specialist configuration; a slate-tempered iron match supports a 41-unit guide price.","Identity or filter mask clue: its knot motif records a bearer, oath, or mountain passage. Check seal fit, strap elasticity, filter condition, interior residue, and sight-line alignment, then compare against stone-banner clans' slate-tempered iron standard; a consistent build links the clue to its source; mixed methods indicate tampering.","Identity or filter mask with hammered iron, slate inlay, and climbing-knot motifs.","A poor seal can preserve the appearance of protection while admitting the hazard at the edges; in highland, the reinforced fit restricts movement if sized incorrectly. Identity or filter mask consequence at tier 2: A fault forces a choice between repair and delay when stone-banner clans rely on it.","fastener|fabric or hide","wearable|uncommon|tier-2|highland|stone-banner-clans|finished|ceremonial|mixed","34","1.2","41","1","ceremonial","Cairnforged Mask is rated uncommon and belongs to the identity or filter mask class associated with stone-banner clans for highland use.","Identity or filter mask with hammered iron, slate inlay, and climbing-knot motifs. Conceals identity or filters a specific hazard. Its load-bearing seams and close fit remain secure in strong wind and broken terrain.","Fitting it before exposure can conceal identity or filter one anticipated hazard, but not both equally; in highland, its load-bearing seams and close fit remain secure in strong wind and broken terrain. For this identity or filter mask, tier 2: converts one unknown into a visible compromise; unexpected opposition requires another plan.","41","0.5","premium-table-03"
"2.0.0","pitm-0106","itm-fam-006","Cairnforged Bone","material","raw-material","rare","3","highland","stone-banner clans","raw","organic|slate-tempered iron","organic","base|structure","alchemy|artifice|woodcraft|survival|tailoring","stable","light","Adds rigidity, memory, or alchemical calcium. It is selected for compression strength and stable behavior under repeated impact.","Refining a selected section can contribute rigidity, stored memory, or reactive mineral to one compatible recipe; in highland, it is selected for compression strength and stable behavior under repeated impact. For this treated structural bone, tier 3: supports repeated use during one contained operation; its drawback applies as soon as preparation breaks down.","For this treated structural bone, clan factors buy pieces with an unbroken maker mark; it adds rigidity, memory, or alchemical calcium. Inspect grain direction, old fractures, contamination, and whether treatment changed the expected density; consistent wear across every working surface; a slate-tempered iron match supports a 22-unit guide price.","Treated structural bone clue: its knot motif records a bearer, oath, or mountain passage. Check grain direction, old fractures, contamination, and whether treatment changed the expected density, then compare against stone-banner clans' slate-tempered iron standard; construction evidence outranks testimony when the two disagree.","Treated structural bone with hammered iron, slate inlay, and climbing-knot motifs.","Hidden decay or cross-grain cutting can make the finished recipe brittle at the point of greatest load; in highland, its density makes transport and fine shaping more demanding. At tier 3, this treated structural bone can compromise the current scene under pressure when stone-banner clans rely on it.","","material|raw-material|rare|tier-3|highland|stone-banner-clans|raw|ceremonial|organic|base|structure","14","1.55","22","20","ceremonial","Cairnforged Bone is rated rare and belongs to the treated structural bone class associated with stone-banner clans for highland use.","Treated structural bone with hammered iron, slate inlay, and climbing-knot motifs. Adds rigidity, memory, or alchemical calcium. It is selected for compression strength and stable behavior under repeated impact.","Refining a selected section can contribute rigidity, stored memory, or reactive mineral to one compatible recipe; in highland, it is selected for compression strength and stable behavior under repeated impact. For this treated structural bone, tier 3: supports repeated use during one contained operation; its drawback applies as soon as preparation breaks down.","22","0.5","premium-table-03"
"2.0.0","pitm-0141","itm-fam-041","Cairnforged Seal","quest","key-item","rare","3","highland","stone-banner clans","key-item","metal|slate-tempered iron","metal","none","","stable","tiny","Proves authority or secures a document or container. Its slate inlay records an oath, route, or bearer in a form meant to survive impact.","Applying it to the intended surface can authenticate authority or reveal whether a document or container was opened; in highland, its slate inlay records an oath, route, or bearer in a form meant to survive impact. For this authentication seal, tier 3: supports repeated use during one contained operation; failure remains possible once the scene changes.","For this authentication seal, clan factors buy pieces with an unbroken maker mark; it proves authority or secures a document or container. Inspect impression depth, material recipe, edge breaks, alignment, and residue from the original surface; consistent wear across every working surface; a slate-tempered iron match supports a 28-unit guide price.","Authentication seal clue: its knot motif records a bearer, oath, or mountain passage. Check impression depth, material recipe, edge breaks, alignment, and residue from the original surface, then compare against stone-banner clans' slate-tempered iron standard; corroborate the claimed route only when construction and handling marks align.","Authentication seal with hammered iron, slate inlay, and climbing-knot motifs.","A lifted or reheated seal can imitate continuity while hiding unauthorized access; in highland, damage to the inlay can turn a clear claim into a disputed one. Authentication seal consequence at tier 3: A fault can compromise the current scene under pressure when stone-banner clans rely on it.","","quest|key-item|rare|tier-3|highland|stone-banner-clans|ceremonial|metal","18","1.55","28","1","ceremonial","Cairnforged Seal is rated rare and belongs to the authentication seal class associated with stone-banner clans for highland use.","Authentication seal with hammered iron, slate inlay, and climbing-knot motifs. Proves authority or secures a document or container. Its slate inlay records an oath, route, or bearer in a form meant to survive impact.","Applying it to the intended surface can authenticate authority or reveal whether a document or container was opened; in highland, its slate inlay records an oath, route, or bearer in a form meant to survive impact. For this authentication seal, tier 3: supports repeated use during one contained operation; failure remains possible once the scene changes.","28","0.1","premium-table-03"
"2.0.0","pitm-0132","itm-fam-032","Cairnforged Orb","relic","arcane-focus","rare","4","highland","stone-banner clans","finished","crystal|slate-tempered iron","crystal","focus","enchanting|artifice","delicate","light","Stabilizes an observable magical resonance. Its slate inlay records an oath, route, or bearer in a form meant to survive impact.","Stabilizing it on a known reference lets observers compare one resonance, attunement, or supernatural disturbance; in highland, its slate inlay records an oath, route, or bearer in a form meant to survive impact. For this resonant focus orb, tier 4: connects several prepared steps into one operation; the regional constraint still governs the result.","For this resonant focus orb, clan factors buy pieces with an unbroken maker mark; it stabilizes an observable magical resonance. Inspect surface inclusions, mounting pressure, temperature change, internal clouding, and response to a control stimulus; rare materials supported by matching records; a slate-tempered iron match supports a 167-unit guide price.","Resonant focus orb clue: its knot motif records a bearer, oath, or mountain passage. Check surface inclusions, mounting pressure, temperature change, internal clouding, and response to a control stimulus, then compare against stone-banner clans' slate-tempered iron standard; construction evidence outranks testimony when the two disagree.","Resonant focus orb with hammered iron, slate inlay, and climbing-knot motifs.","A preexisting resonance can masquerade as a new reading and implicate the wrong source; in highland, damage to the inlay can turn a clear claim into a disputed one. Resonant focus orb consequence at tier 4: A fault can undo a group objective after resources are committed when stone-banner clans rely on it.","focus fragment|inscribed fitting","relic|arcane-focus|rare|tier-4|highland|stone-banner-clans|finished|ceremonial|crystal|focus","88","1.9","167","1","ceremonial","Cairnforged Orb is rated rare and belongs to the resonant focus orb class associated with stone-banner clans for highland use.","Resonant focus orb with hammered iron, slate inlay, and climbing-knot motifs. Stabilizes an observable magical resonance. Its slate inlay records an oath, route, or bearer in a form meant to survive impact.","Stabilizing it on a known reference lets observers compare one resonance, attunement, or supernatural disturbance; in highland, its slate inlay records an oath, route, or bearer in a form meant to survive impact. For this resonant focus orb, tier 4: connects several prepared steps into one operation; the regional constraint still governs the result.","167","0.5","premium-table-03"
"2.0.0","pitm-0117","itm-fam-017","Cairnforged Dagger","weapon","weapon","rare","4","highland","stone-banner clans","finished","metal|slate-tempered iron","metal","none","smithing","heavy","medium","Favors concealment and close control. Its reinforced alignment tolerates vibration, hard impacts, and steep travel.","Its draw and grip can be prepared for concealment, close control, or a deliberate show of threat; in highland, its reinforced alignment tolerates vibration, hard impacts, and steep travel. For this short thrusting weapon, tier 4: connects several prepared steps into one operation; visible use can still reveal the bearer.","For this short thrusting weapon, clan factors buy pieces with an unbroken maker mark; it favors concealment and close control. Inspect point alignment, edge damage, guard movement, sheath retention, and signs of a recently changed grip; rare materials supported by matching records; a slate-tempered iron match supports a 82-unit guide price.","Short thrusting weapon clue: its knot motif records a bearer, oath, or mountain passage. Check point alignment, edge damage, guard movement, sheath retention, and signs of a recently changed grip, then compare against stone-banner clans' slate-tempered iron standard; matching wear supports the account, while fresh work points to a planted lead.","Short thrusting weapon with hammered iron, slate inlay, and climbing-knot motifs.","A loose guard or unreliable sheath makes concealment more dangerous to the bearer than the target; in highland, the reinforcement adds weight that becomes costly on long climbs. Stone-banner clans face this short thrusting weapon's tier-4 risk, which can undo a group objective after resources are committed.","metal component|grip material","weapon|rare|tier-4|highland|stone-banner-clans|finished|ceremonial|metal","43","1.9","82","1","ceremonial","Cairnforged Dagger is rated rare and belongs to the short thrusting weapon class associated with stone-banner clans for highland use.","Short thrusting weapon with hammered iron, slate inlay, and climbing-knot motifs. Favors concealment and close control. Its reinforced alignment tolerates vibration, hard impacts, and steep travel.","Its draw and grip can be prepared for concealment, close control, or a deliberate show of threat; in highland, its reinforced alignment tolerates vibration, hard impacts, and steep travel. For this short thrusting weapon, tier 4: connects several prepared steps into one operation; visible use can still reveal the bearer.","82","1.5","premium-table-03"
"2.0.0","pitm-0108","itm-fam-008","Cairnforged Bottle","consumable","prepared-consumable","epic","5","highland","stone-banner clans","consumable","glass|slate-tempered iron","glass","none","alchemy|cooking","fragile","light","Stores a measured single-use liquid. A shock-resistant casing protects the measured dose during climbs and rough descents.","Its measured seal preserves one liquid dose and makes unauthorized opening easier to detect; in highland, a shock-resistant casing protects the measured dose during climbs and rough descents. For this sealed prepared draught, tier 5: can decide a major objective when every condition is met; careless use immediately exposes the operator.","For this sealed prepared draught, clan factors buy pieces with an unbroken maker mark; it stores a measured single-use liquid. Inspect seal continuity, glass clouding, stopper fit, fill level, and residue around the neck; a complete provenance record for a singular example; a slate-tempered iron match supports a 55-unit guide price.","Sealed prepared draught clue: its knot motif records a bearer, oath, or mountain passage. Check seal continuity, glass clouding, stopper fit, fill level, and residue around the neck, then compare against stone-banner clans' slate-tempered iron standard; use the oldest intact surface to decide whether the claim is genuine.","Sealed prepared draught with hammered iron, slate inlay, and climbing-knot motifs.","A hairline crack or reseated stopper can preserve the appearance of safety after the contents are compromised; in highland, the heavy casing is inconvenient when several doses are carried. Stone-banner clans face this sealed prepared draught's tier-5 risk, which may transfer control of the objective to a rival.","container","consumable|prepared-consumable|epic|tier-5|highland|stone-banner-clans|ceremonial|glass","22","2.5","55","6","ceremonial","Cairnforged Bottle is rated epic and belongs to the sealed prepared draught class associated with stone-banner clans for highland use.","Sealed prepared draught with hammered iron, slate inlay, and climbing-knot motifs. Stores a measured single-use liquid. A shock-resistant casing protects the measured dose during climbs and rough descents.","Its measured seal preserves one liquid dose and makes unauthorized opening easier to detect; in highland, a shock-resistant casing protects the measured dose during climbs and rough descents. For this sealed prepared draught, tier 5: can decide a major objective when every condition is met; careless use immediately exposes the operator.","55","0.5","premium-table-03"
"2.0.0","pitm-0118","itm-fam-018","Cairnforged Drum","trinket","personal-object","epic","5","highland","stone-banner clans","finished","hide|slate-tempered iron","hide","focus","enchanting","delicate","tiny","Coordinates groups through rhythm. Its slate inlay records an oath, route, or bearer in a form meant to survive impact.","A rehearsed rhythm can synchronize movement, work, warning, or ceremony across a group; in highland, its slate inlay records an oath, route, or bearer in a form meant to survive impact. For this portable signal drum, tier 5: can decide a major objective when every condition is met; careless use immediately exposes the operator.","For this portable signal drum, clan factors buy pieces with an unbroken maker mark; it coordinates groups through rhythm. Inspect head tension, frame cracks, lacing order, moisture, and whether the tone matches the intended cadence; a complete provenance record for a singular example; a slate-tempered iron match supports a 88-unit guide price.","Portable signal drum clue: its knot motif records a bearer, oath, or mountain passage. Check head tension, frame cracks, lacing order, moisture, and whether the tone matches the intended cadence, then compare against stone-banner clans' slate-tempered iron standard; corroborate the claimed route only when construction and handling marks align.","Portable signal drum with hammered iron, slate inlay, and climbing-knot motifs.","Uneven tension distorts the rhythm enough to split a coordinated response; in highland, damage to the inlay can turn a clear claim into a disputed one. This portable signal drum's tier-5 fault may transfer control of the objective to a rival; Stone-banner clans recognize its slate-tempered iron construction.","small fitting","trinket|personal-object|epic|tier-5|highland|stone-banner-clans|finished|ceremonial|hide|focus","35","2.5","88","3","ceremonial","Cairnforged Drum is rated epic and belongs to the portable signal drum class associated with stone-banner clans for highland use.","Portable signal drum with hammered iron, slate inlay, and climbing-knot motifs. Coordinates groups through rhythm. Its slate inlay records an oath, route, or bearer in a form meant to survive impact.","A rehearsed rhythm can synchronize movement, work, warning, or ceremony across a group; in highland, its slate inlay records an oath, route, or bearer in a form meant to survive impact. For this portable signal drum, tier 5: can decide a major objective when every condition is met; careless use immediately exposes the operator.","88","0.1","premium-table-03"
"2.0.0","pitm-0193","itm-fam-043","Miresealed Shell","material","raw-material","common","1","marsh","fenway traders","raw","organic|reed fiber","organic","structure|finish","artifice|survival|woodcraft|tailoring|smithing","stable","light","Provides lightweight armor or alchemical mineral. It is sealed or cured to resist rot while retaining its intended flexibility or reaction.","Cutting and orienting it correctly can provide lightweight structure, finish, armor, or mineral reagent; in marsh, it is sealed or cured to resist rot while retaining its intended flexibility or reaction. For this treated protective shell, tier 1: settles one ordinary field problem; active danger still needs a separate answer.","For this treated protective shell, fenway traders prize sealed pieces during flood months; it provides lightweight armor or alchemical mineral. Inspect layer separation, edge chalking, bore damage, contamination, and whether the natural curve matches the task; documented everyday use; a reed fiber match supports a 12-unit guide price.","Treated protective shell clue: its wax layers preserve route marks used by hidden causeway guides. Check layer separation, edge chalking, bore damage, contamination, and whether the natural curve matches the task, then compare against fenway traders' reed fiber standard; corroborate the claimed route only when construction and handling marks align.","Treated protective shell with waxed bindings, reed fiber, and dark waterproof resin.","A hidden delamination spreads rapidly once the shell is drilled, heated, or loaded; in marsh, a hidden puncture can contaminate the material before any surface change appears. Fenway traders face this treated protective shell's tier-1 risk, which usually gives a visible warning before unsafe use.","","material|raw-material|common|tier-1|marsh|fenway-traders|raw|strange|organic|structure|finish","12","1","12","20","strange","Miresealed Shell is rated common and belongs to the treated protective shell class associated with fenway traders for marsh use.","Treated protective shell with waxed bindings, reed fiber, and dark waterproof resin. Provides lightweight armor or alchemical mineral. It is sealed or cured to resist rot while retaining its intended flexibility or reaction.","Cutting and orienting it correctly can provide lightweight structure, finish, armor, or mineral reagent; in marsh, it is sealed or cured to resist rot while retaining its intended flexibility or reaction. For this treated protective shell, tier 1: settles one ordinary field problem; active danger still needs a separate answer.","12","0.5","premium-table-04"
"2.0.0","pitm-0153","itm-fam-003","Miresealed Band","wearable","wearable","common","1","marsh","fenway traders","finished","metal|reed fiber","metal","none","tailoring|smithing","working","light","Marks rank while reinforcing a joint or grip. Its reed-fiber layers drain quickly and keep mud away from closures and skin.","Cinching it before strain can reinforce one joint or make a rank signal visible during a demanding task; in marsh, its reed-fiber layers drain quickly and keep mud away from closures and skin. For this fitted wrist or arm band, tier 1: settles one ordinary field problem; active danger still needs a separate answer.","For this fitted wrist or arm band, fenway traders prize sealed pieces during flood months; it marks rank while reinforcing a joint or grip. Inspect fit, edge deformation, fastening tension, and wear around any rank mark; documented everyday use; a reed fiber match supports a 27-unit guide price.","Fitted wrist or arm band clue: its wax layers preserve route marks used by hidden causeway guides. Check fit, edge deformation, fastening tension, and wear around any rank mark, then compare against fenway traders' reed fiber standard; a mismatch suggests deliberate substitution; a match strengthens the origin claim.","Fitted wrist or arm band with waxed bindings, reed fiber, and dark waterproof resin.","An overtight fit restricts movement, while a loosened fastening defeats both support and identification; in marsh, torn reed panels lose their shape unless repaired while damp. This fitted wrist or arm band's tier-1 fault usually gives a visible warning before unsafe use; Fenway traders recognize its reed fiber construction.","fastener|fabric or hide","wearable|common|tier-1|marsh|fenway-traders|finished|strange|metal","27","1","27","1","strange","Miresealed Band is rated common and belongs to the fitted wrist or arm band class associated with fenway traders for marsh use.","Fitted wrist or arm band with waxed bindings, reed fiber, and dark waterproof resin. Marks rank while reinforcing a joint or grip. Its reed-fiber layers drain quickly and keep mud away from closures and skin.","Cinching it before strain can reinforce one joint or make a rank signal visible during a demanding task; in marsh, its reed-fiber layers drain quickly and keep mud away from closures and skin. For this fitted wrist or arm band, tier 1: settles one ordinary field problem; active danger still needs a separate answer.","27","0.5","premium-table-04"
"2.0.0","pitm-0169","itm-fam-019","Miresealed Flask","consumable","prepared-consumable","uncommon","2","marsh","fenway traders","consumable","glass|reed fiber","glass","none","alchemy|cooking","fragile","light","Protects a prepared consumable during travel. Its waterproof resin seal keeps the dose stable through humidity and brief submersion.","Its reinforced body protects one prepared dose until the bearer chooses a clear trigger and duration for use; in marsh, its waterproof resin seal keeps the dose stable through humidity and brief submersion. For this reinforced field draught, tier 2: turns one risky procedure into two deliberate options; failure remains possible once the scene changes.","For this reinforced field draught, fenway traders prize sealed pieces during flood months; it protects a prepared consumable during travel. Inspect cap lock, body dents, inner lining, dose separation, and residue around the drinking edge; field repairs consistent with its claimed route; a reed fiber match supports a 23-unit guide price.","Reinforced field draught clue: its wax layers preserve route marks used by hidden causeway guides. Check cap lock, body dents, inner lining, dose separation, and residue around the drinking edge, then compare against fenway traders' reed fiber standard; corroborate the claimed route only when construction and handling marks align.","Reinforced field draught with waxed bindings, reed fiber, and dark waterproof resin.","Impact can damage the lining without spilling, leaving a contaminated dose inside an intact shell; in marsh, breaking the seal commits the contents to immediate use. This reinforced field draught's tier-2 fault costs time, material, or discretion when inspection is skipped; Fenway traders recognize its reed fiber construction.","container","consumable|prepared-consumable|uncommon|tier-2|marsh|fenway-traders|strange|glass","19","1.2","23","6","strange","Miresealed Flask is rated uncommon and belongs to the reinforced field draught class associated with fenway traders for marsh use.","Reinforced field draught with waxed bindings, reed fiber, and dark waterproof resin. Protects a prepared consumable during travel. Its waterproof resin seal keeps the dose stable through humidity and brief submersion.","Its reinforced body protects one prepared dose until the bearer chooses a clear trigger and duration for use; in marsh, its waterproof resin seal keeps the dose stable through humidity and brief submersion. For this reinforced field draught, tier 2: turns one risky procedure into two deliberate options; failure remains possible once the scene changes.","23","0.5","premium-table-04"
"2.0.0","pitm-0194","itm-fam-044","Miresealed Spindle","crafting","workshop-tool","uncommon","2","marsh","fenway traders","finished","wood|reed fiber","wood","none","tailoring","working","light","Controls fiber tension during thread production. Its waxed contact surfaces and broad grips keep it manageable in mud and shallow water.","Maintaining its axis and tension produces repeatable thread suitable for later binding, repair, or fabrication; in marsh, its waxed contact surfaces and broad grips keep it manageable in mud and shallow water. For this textile spindle, tier 2: turns one risky procedure into two deliberate options; its drawback applies as soon as preparation breaks down.","For this textile spindle, fenway traders prize sealed pieces during flood months; it controls fiber tension during thread production. Inspect shaft straightness, whorl balance, hook wear, surface drag, and consistency of a short test winding; field repairs consistent with its claimed route; a reed fiber match supports a 26-unit guide price.","Textile spindle clue: its wax layers preserve route marks used by hidden causeway guides. Check shaft straightness, whorl balance, hook wear, surface drag, and consistency of a short test winding, then compare against fenway traders' reed fiber standard; matching wear supports the account, while fresh work points to a planted lead.","Textile spindle with waxed bindings, reed fiber, and dark waterproof resin.","A bent shaft introduces a repeating weakness through the entire length of finished thread; in marsh, a punctured wax coating admits grit that is difficult to remove in the field. This textile spindle's tier-2 fault costs time, material, or discretion when inspection is skipped; Fenway traders recognize its reed fiber construction.","turned wood|spindle fitting","crafting|workshop-tool|uncommon|tier-2|marsh|fenway-traders|finished|strange|wood","22","1.2","26","1","strange","Miresealed Spindle is rated uncommon and belongs to the textile spindle class associated with fenway traders for marsh use.","Textile spindle with waxed bindings, reed fiber, and dark waterproof resin. Controls fiber tension during thread production. Its waxed contact surfaces and broad grips keep it manageable in mud and shallow water.","Maintaining its axis and tension produces repeatable thread suitable for later binding, repair, or fabrication; in marsh, its waxed contact surfaces and broad grips keep it manageable in mud and shallow water. For this textile spindle, tier 2: turns one risky procedure into two deliberate options; its drawback applies as soon as preparation breaks down.","26","0.5","premium-table-04"
"2.0.0","pitm-0175","itm-fam-025","Miresealed Key","quest","key-item","rare","3","marsh","fenway traders","key-item","metal|reed fiber","metal","none","","stable","tiny","Opens or authenticates one linked mechanism. Its layered wax marks preserve hidden route signs used by causeway guides.","Matching its coded surfaces to the linked mechanism can open access or prove that the bearer controls an authorized copy; in marsh, its layered wax marks preserve hidden route signs used by causeway guides. For this coded access key, tier 3: keeps the intended benefit stable for an extended task; visible use can still reveal the bearer.","For this coded access key, fenway traders prize sealed pieces during flood months; it opens or authenticates one linked mechanism. Inspect tooth wear, shaft straightness, code marks, repair seams, and residue from the intended lock; intact operational details plus an origin record; a reed fiber match supports a 25-unit guide price.","Coded access key clue: its wax layers preserve route marks used by hidden causeway guides. Check tooth wear, shaft straightness, code marks, repair seams, and residue from the intended lock, then compare against fenway traders' reed fiber standard; if the physical pattern conflicts with the story, suspend the attribution.","Coded access key with waxed bindings, reed fiber, and dark waterproof resin.","A near-copy can enter the mechanism yet jam before completing authentication; in marsh, heat or careless handling can merge separate marks into a false reading. Fenway traders face this coded access key's tier-3 risk, which may force the group to abandon its immediate advantage.","","quest|key-item|rare|tier-3|marsh|fenway-traders|strange|metal","16","1.55","25","1","strange","Miresealed Key is rated rare and belongs to the coded access key class associated with fenway traders for marsh use.","Coded access key with waxed bindings, reed fiber, and dark waterproof resin. Opens or authenticates one linked mechanism. Its layered wax marks preserve hidden route signs used by causeway guides.","Matching its coded surfaces to the linked mechanism can open access or prove that the bearer controls an authorized copy; in marsh, its layered wax marks preserve hidden route signs used by causeway guides. For this coded access key, tier 3: keeps the intended benefit stable for an extended task; visible use can still reveal the bearer.","25","0.1","premium-table-04"
"2.0.0","pitm-0165","itm-fam-015","Miresealed Crown","relic","arcane-focus","rare","3","marsh","fenway traders","finished","metal|reed fiber","metal","focus","enchanting|artifice","delicate","light","Embodies authority, succession, or ritual claim. Its layered wax marks preserve hidden route signs used by causeway guides.","Wearing or presenting it before witnesses can force a question of authority, succession, or ritual standing into the open; in marsh, its layered wax marks preserve hidden route signs used by causeway guides. For this ceremonial headpiece, tier 3: keeps the intended benefit stable for an extended task; visible use can still reveal the bearer.","For this ceremonial headpiece, fenway traders prize sealed pieces during flood months; it embodies authority, succession, or ritual claim. Inspect fit, missing settings, repaired breaks, heraldic order, and evidence that the inner band matches the claimant; intact operational details plus an origin record; a reed fiber match supports a 164-unit guide price.","Ceremonial headpiece clue: its wax layers preserve route marks used by hidden causeway guides. Check fit, missing settings, repaired breaks, heraldic order, and evidence that the inner band matches the claimant, then compare against fenway traders' reed fiber standard; agreement across fittings and wear makes the lead credible; one modern repair does not.","Ceremonial headpiece with waxed bindings, reed fiber, and dark waterproof resin.","A false repair or displaced emblem can convert a claim of authority into a public challenge; in marsh, heat or careless handling can merge separate marks into a false reading. Ceremonial headpiece consequence at tier 3: A fault may force the group to abandon its immediate advantage when fenway traders rely on it.","focus fragment|inscribed fitting","relic|arcane-focus|rare|tier-3|marsh|fenway-traders|finished|strange|metal|focus","106","1.55","164","1","strange","Miresealed Crown is rated rare and belongs to the ceremonial headpiece class associated with fenway traders for marsh use.","Ceremonial headpiece with waxed bindings, reed fiber, and dark waterproof resin. Embodies authority, succession, or ritual claim. Its layered wax marks preserve hidden route signs used by causeway guides.","Wearing or presenting it before witnesses can force a question of authority, succession, or ritual standing into the open; in marsh, its layered wax marks preserve hidden route signs used by causeway guides. For this ceremonial headpiece, tier 3: keeps the intended benefit stable for an extended task; visible use can still reveal the bearer.","164","0.5","premium-table-04"
"2.0.0","pitm-0166","itm-fam-016","Miresealed Cup","trade","ceremonial-vessel","rare","4","marsh","fenway traders","finished","ceramic|reed fiber","ceramic","none","","stable","medium","Moves as a valued household or ceremonial good. It is divided into sealed parcels that can be poled through flooded routes.","Using it in a formal exchange can reveal hospitality, rank, taboo, or whether participants recognize the same custom; in marsh, it is divided into sealed parcels that can be poled through flooded routes. For this refined drinking vessel, tier 4: supports a coordinated group objective; careless use immediately exposes the operator.","For this refined drinking vessel, fenway traders prize sealed pieces during flood months; it moves as a valued household or ceremonial good. Inspect rim wear, glaze repairs, maker marks, residue, and whether paired ceremonial details remain intact; limited workshop output and intact specialist details; a reed fiber match supports a 44-unit guide price.","Refined drinking vessel clue: its wax layers preserve route marks used by hidden causeway guides. Check rim wear, glaze repairs, maker marks, residue, and whether paired ceremonial details remain intact, then compare against fenway traders' reed fiber standard; corroborate the claimed route only when construction and handling marks align.","Refined drinking vessel with waxed bindings, reed fiber, and dark waterproof resin.","An unnoticed repair or contaminant can turn a trust-building ritual into an insult or accusation; in marsh, buyers discount any parcel with an uncertain seal. At tier 4, this refined drinking vessel may carry a hidden fault into the next stage when fenway traders rely on it.","packing material","trade|ceremonial-vessel|rare|tier-4|marsh|fenway-traders|finished|strange|ceramic","23","1.9","44","4","strange","Miresealed Cup is rated rare and belongs to the refined drinking vessel class associated with fenway traders for marsh use.","Refined drinking vessel with waxed bindings, reed fiber, and dark waterproof resin. Moves as a valued household or ceremonial good. It is divided into sealed parcels that can be poled through flooded routes.","Using it in a formal exchange can reveal hospitality, rank, taboo, or whether participants recognize the same custom; in marsh, it is divided into sealed parcels that can be poled through flooded routes. For this refined drinking vessel, tier 4: supports a coordinated group objective; careless use immediately exposes the operator.","44","1.5","premium-table-04"
"2.0.0","pitm-0161","itm-fam-011","Miresealed Charm","trinket","personal-object","rare","4","marsh","fenway traders","finished","mixed|reed fiber","mixed","focus","enchanting","delicate","tiny","Carries a compact ward or social signal. Its layered wax marks preserve hidden route signs used by causeway guides.","Presenting or invoking it at the agreed moment can establish a compact social signal, memory, or narrow ward; in marsh, its layered wax marks preserve hidden route signs used by causeway guides. For this pocket charm, tier 4: supports a coordinated group objective; success depends on maintaining the prepared conditions.","For this pocket charm, fenway traders prize sealed pieces during flood months; it carries a compact ward or social signal. Inspect cord wear, inscription order, handling polish, and whether its enclosed token matches the claimed origin; limited workshop output and intact specialist details; a reed fiber match supports a 49-unit guide price.","Pocket charm clue: its wax layers preserve route marks used by hidden causeway guides. Check cord wear, inscription order, handling polish, and whether its enclosed token matches the claimed origin, then compare against fenway traders' reed fiber standard; treat inconsistent workmanship as evidence that the trail was altered.","Pocket charm with waxed bindings, reed fiber, and dark waterproof resin.","A copied inscription without the correct wear pattern can provoke suspicion instead of recognition; in marsh, heat or careless handling can merge separate marks into a false reading. Fenway traders face this pocket charm's tier-4 risk, which may carry a hidden fault into the next stage.","small fitting","trinket|personal-object|rare|tier-4|marsh|fenway-traders|finished|strange|mixed|focus","26","1.9","49","3","strange","Miresealed Charm is rated rare and belongs to the pocket charm class associated with fenway traders for marsh use.","Pocket charm with waxed bindings, reed fiber, and dark waterproof resin. Carries a compact ward or social signal. Its layered wax marks preserve hidden route signs used by causeway guides.","Presenting or invoking it at the agreed moment can establish a compact social signal, memory, or narrow ward; in marsh, its layered wax marks preserve hidden route signs used by causeway guides. For this pocket charm, tier 4: supports a coordinated group objective; success depends on maintaining the prepared conditions.","49","0.1","premium-table-04"
"2.0.0","pitm-0162","itm-fam-012","Miresealed Chisel","tool","field-tool","epic","5","marsh","fenway traders","finished","metal|reed fiber","metal","none","smithing|woodcraft|survival|artifice","working","light","Shapes stone, wood, or soft metal precisely. Its waxed contact surfaces and broad grips keep it manageable in mud and shallow water.","Setting its angle before the strike creates a controlled cut, fracture, or maker mark in a chosen surface; in marsh, its waxed contact surfaces and broad grips keep it manageable in mud and shallow water. For this cutting chisel, tier 5: can resolve the central objective when used without error; new hazards remain outside its scope.","For this cutting chisel, fenway traders prize sealed pieces during flood months; it shapes stone, wood, or soft metal precisely. Inspect edge angle, mushrooming at the struck end, shaft straightness, and chips along the working face; exceptional condition supported by formal scrutiny; a reed fiber match supports a 75-unit guide price.","Cutting chisel clue: its wax layers preserve route marks used by hidden causeway guides. Check edge angle, mushrooming at the struck end, shaft straightness, and chips along the working face, then compare against fenway traders' reed fiber standard; agreement across fittings and wear makes the lead credible; one modern repair does not.","Cutting chisel with waxed bindings, reed fiber, and dark waterproof resin.","A damaged edge redirects the next strike and can destroy the detail or fracture line being established; in marsh, a punctured wax coating admits grit that is difficult to remove in the field. This cutting chisel's tier-5 fault can turn decisive use into evidence against the group; Fenway traders recognize its reed fiber construction.","tool component|binding material","tool|field-tool|epic|tier-5|marsh|fenway-traders|finished|strange|metal","30","2.5","75","1","strange","Miresealed Chisel is rated epic and belongs to the cutting chisel class associated with fenway traders for marsh use.","Cutting chisel with waxed bindings, reed fiber, and dark waterproof resin. Shapes stone, wood, or soft metal precisely. Its waxed contact surfaces and broad grips keep it manageable in mud and shallow water.","Setting its angle before the strike creates a controlled cut, fracture, or maker mark in a chosen surface; in marsh, its waxed contact surfaces and broad grips keep it manageable in mud and shallow water. For this cutting chisel, tier 5: can resolve the central objective when used without error; new hazards remain outside its scope.","75","0.5","premium-table-04"
"2.0.0","pitm-0167","itm-fam-017","Miresealed Dagger","weapon","weapon","epic","5","marsh","fenway traders","finished","metal|reed fiber","metal","none","smithing","heavy","medium","Favors concealment and close control. Its waxed contact surfaces and broad grips keep it manageable in mud and shallow water.","Its draw and grip can be prepared for concealment, close control, or a deliberate show of threat; in marsh, its waxed contact surfaces and broad grips keep it manageable in mud and shallow water. For this short thrusting weapon, tier 5: can resolve the central objective when used without error; the item cannot replace situational judgment.","For this short thrusting weapon, fenway traders prize sealed pieces during flood months; it favors concealment and close control. Inspect point alignment, edge damage, guard movement, sheath retention, and signs of a recently changed grip; exceptional condition supported by formal scrutiny; a reed fiber match supports a 113-unit guide price.","Short thrusting weapon clue: its wax layers preserve route marks used by hidden causeway guides. Check point alignment, edge damage, guard movement, sheath retention, and signs of a recently changed grip, then compare against fenway traders' reed fiber standard; matching wear supports the account, while fresh work points to a planted lead.","Short thrusting weapon with waxed bindings, reed fiber, and dark waterproof resin.","A loose guard or unreliable sheath makes concealment more dangerous to the bearer than the target; in marsh, a punctured wax coating admits grit that is difficult to remove in the field. Short thrusting weapon consequence at tier 5: A fault can turn decisive use into evidence against the group when fenway traders rely on it.","metal component|grip material","weapon|epic|tier-5|marsh|fenway-traders|finished|strange|metal","45","2.5","113","1","strange","Miresealed Dagger is rated epic and belongs to the short thrusting weapon class associated with fenway traders for marsh use.","Short thrusting weapon with waxed bindings, reed fiber, and dark waterproof resin. Favors concealment and close control. Its waxed contact surfaces and broad grips keep it manageable in mud and shallow water.","Its draw and grip can be prepared for concealment, close control, or a deliberate show of threat; in marsh, its waxed contact surfaces and broad grips keep it manageable in mud and shallow water. For this short thrusting weapon, tier 5: can resolve the central objective when used without error; the item cannot replace situational judgment.","113","1.5","premium-table-04"
"2.0.0","pitm-0242","itm-fam-042","Sunscorched Shard","material","raw-material","common","1","desert","ember-road caravans","raw","mineral|ashglass","mineral","active|catalyst|conductor|structure","alchemy|enchanting|artifice|smithing","stable","tiny","Acts as a cutting edge, catalyst, or conductive crystal. It is dried, sifted, or heat-treated so grit and low humidity do not alter its working property.","Choosing its edge, crystal direction, or reactive face can supply cutting, catalytic, conductive, or structural value; in desert, it is dried, sifted, or heat-treated so grit and low humidity do not alter its working property. For this refined mineral shard, tier 1: prevents one common preparation delay; its drawback applies as soon as preparation breaks down.","For this refined mineral shard, caravan quartermasters pay well at remote desert crossings; it acts as a cutting edge, catalyst, or conductive crystal. Inspect fracture direction, inclusions, edge freshness, contamination, and response to a small control test; complete basic fittings; an ashglass match supports a 22-unit guide price.","Refined mineral shard clue: its ashglass pattern can establish which caravan survived a lost route. Check fracture direction, inclusions, edge freshness, contamination, and response to a small control test, then compare against ember-road caravans' ashglass standard; matching wear supports the account, while fresh work points to a planted lead.","Refined mineral shard with pale cloth, ashglass accents, and heat-blued metal.","An unseen inclusion can redirect a fracture or destabilize the recipe receiving it; in desert, moist storage can reverse the treatment and spoil the material. At tier 1, this refined mineral shard appears early enough for a field repair when ember-road caravans rely on it.","","material|raw-material|common|tier-1|desert|ember-road-caravans|raw|ornate|mineral|active|catalyst|conductor|structure","22","1","22","20","ornate","Sunscorched Shard is rated common and belongs to the refined mineral shard class associated with ember-road caravans for desert use.","Refined mineral shard with pale cloth, ashglass accents, and heat-blued metal. Acts as a cutting edge, catalyst, or conductive crystal. It is dried, sifted, or heat-treated so grit and low humidity do not alter its working property.","Choosing its edge, crystal direction, or reactive face can supply cutting, catalytic, conductive, or structural value; in desert, it is dried, sifted, or heat-treated so grit and low humidity do not alter its working property. For this refined mineral shard, tier 1: prevents one common preparation delay; its drawback applies as soon as preparation breaks down.","22","0.1","premium-table-05"
"2.0.0","pitm-0217","itm-fam-017","Sunscorched Dagger","weapon","weapon","common","1","desert","ember-road caravans","finished","metal|ashglass","metal","none","smithing","heavy","medium","Favors concealment and close control. Its pale surfaces, protected contact points, and heat-treated materials resist grit and solar heat.","Its draw and grip can be prepared for concealment, close control, or a deliberate show of threat; in desert, its pale surfaces, protected contact points, and heat-treated materials resist grit and solar heat. For this short thrusting weapon, tier 1: prevents one common preparation delay; failure remains possible once the scene changes.","For this short thrusting weapon, caravan quartermasters pay well at remote desert crossings; it favors concealment and close control. Inspect point alignment, edge damage, guard movement, sheath retention, and signs of a recently changed grip; complete basic fittings; an ashglass match supports a 37-unit guide price.","Short thrusting weapon clue: its ashglass pattern can establish which caravan survived a lost route. Check point alignment, edge damage, guard movement, sheath retention, and signs of a recently changed grip, then compare against ember-road caravans' ashglass standard; corroborate the claimed route only when construction and handling marks align.","Short thrusting weapon with pale cloth, ashglass accents, and heat-blued metal.","A loose guard or unreliable sheath makes concealment more dangerous to the bearer than the target; in desert, rapid cooling can crack parts that have been repeatedly heat-cycled. At tier 1, this short thrusting weapon appears early enough for a field repair when ember-road caravans rely on it.","metal component|grip material","weapon|common|tier-1|desert|ember-road-caravans|finished|ornate|metal","37","1","37","1","ornate","Sunscorched Dagger is rated common and belongs to the short thrusting weapon class associated with ember-road caravans for desert use.","Short thrusting weapon with pale cloth, ashglass accents, and heat-blued metal. Favors concealment and close control. Its pale surfaces, protected contact points, and heat-treated materials resist grit and solar heat.","Its draw and grip can be prepared for concealment, close control, or a deliberate show of threat; in desert, its pale surfaces, protected contact points, and heat-treated materials resist grit and solar heat. For this short thrusting weapon, tier 1: prevents one common preparation delay; failure remains possible once the scene changes.","37","1.5","premium-table-05"
"2.0.0","pitm-0208","itm-fam-008","Sunscorched Bottle","consumable","prepared-consumable","uncommon","2","desert","ember-road caravans","consumable","glass|ashglass","glass","none","alchemy|cooking","fragile","light","Stores a measured single-use liquid. Its insulated, opaque container slows evaporation and protects the dose from direct sun.","Its measured seal preserves one liquid dose and makes unauthorized opening easier to detect; in desert, its insulated, opaque container slows evaporation and protects the dose from direct sun. For this sealed prepared draught, tier 2: lets the operator trade speed for discretion; the regional constraint still governs the result.","For this sealed prepared draught, caravan quartermasters pay well at remote desert crossings; it stores a measured single-use liquid. Inspect seal continuity, glass clouding, stopper fit, fill level, and residue around the neck; an intact maker detail and usable finish; an ashglass match supports a 19-unit guide price.","Sealed prepared draught clue: its ashglass pattern can establish which caravan survived a lost route. Check seal continuity, glass clouding, stopper fit, fill level, and residue around the neck, then compare against ember-road caravans' ashglass standard; construction evidence outranks testimony when the two disagree.","Sealed prepared draught with pale cloth, ashglass accents, and heat-blued metal.","A hairline crack or reseated stopper can preserve the appearance of safety after the contents are compromised; in desert, once opened, the contents lose potency quickly in dry heat. At tier 2, this sealed prepared draught can consume a limited spare or a quiet approach when ember-road caravans rely on it.","container","consumable|prepared-consumable|uncommon|tier-2|desert|ember-road-caravans|ornate|glass","16","1.2","19","6","ornate","Sunscorched Bottle is rated uncommon and belongs to the sealed prepared draught class associated with ember-road caravans for desert use.","Sealed prepared draught with pale cloth, ashglass accents, and heat-blued metal. Stores a measured single-use liquid. Its insulated, opaque container slows evaporation and protects the dose from direct sun.","Its measured seal preserves one liquid dose and makes unauthorized opening easier to detect; in desert, its insulated, opaque container slows evaporation and protects the dose from direct sun. For this sealed prepared draught, tier 2: lets the operator trade speed for discretion; the regional constraint still governs the result.","19","0.5","premium-table-05"
"2.0.0","pitm-0238","itm-fam-038","Sunscorched Rod","relic","arcane-focus","uncommon","2","desert","ember-road caravans","finished","wood|ashglass","wood","focus","enchanting|artifice","delicate","light","Directs force or resonance along a stable axis. Its ashglass pattern remains visible in hard light and records caravan provenance.","Aligning its axis before use directs force or resonance along a controlled line toward one chosen target; in desert, its ashglass pattern remains visible in hard light and records caravan provenance. For this channeling rod, tier 2: lets the operator trade speed for discretion; the regional constraint still governs the result.","For this channeling rod, caravan quartermasters pay well at remote desert crossings; it directs force or resonance along a stable axis. Inspect straightness, end fittings, grip orientation, surface scoring, and response along the full axis; an intact maker detail and usable finish; an ashglass match supports a 83-unit guide price.","Channeling rod clue: its ashglass pattern can establish which caravan survived a lost route. Check straightness, end fittings, grip orientation, surface scoring, and response along the full axis, then compare against ember-road caravans' ashglass standard; treat inconsistent workmanship as evidence that the trail was altered.","Channeling rod with pale cloth, ashglass accents, and heat-blued metal.","A slight bend redirects the output far enough to endanger an adjacent target; in desert, sudden cold can fracture the ashglass marks that establish identity. This channeling rod's tier-2 fault can consume a limited spare or a quiet approach; Ember-road caravans recognize its ashglass construction.","focus fragment|inscribed fitting","relic|arcane-focus|uncommon|tier-2|desert|ember-road-caravans|finished|ornate|wood|focus","69","1.2","83","1","ornate","Sunscorched Rod is rated uncommon and belongs to the channeling rod class associated with ember-road caravans for desert use.","Channeling rod with pale cloth, ashglass accents, and heat-blued metal. Directs force or resonance along a stable axis. Its ashglass pattern remains visible in hard light and records caravan provenance.","Aligning its axis before use directs force or resonance along a controlled line toward one chosen target; in desert, its ashglass pattern remains visible in hard light and records caravan provenance. For this channeling rod, tier 2: lets the operator trade speed for discretion; the regional constraint still governs the result.","83","0.5","premium-table-05"
"2.0.0","pitm-0244","itm-fam-044","Sunscorched Spindle","crafting","workshop-tool","rare","3","desert","ember-road caravans","finished","wood|ashglass","wood","none","tailoring","working","light","Controls fiber tension during thread production. Its pale surfaces, protected contact points, and heat-treated materials resist grit and solar heat.","Maintaining its axis and tension produces repeatable thread suitable for later binding, repair, or fabrication; in desert, its pale surfaces, protected contact points, and heat-treated materials resist grit and solar heat. For this textile spindle, tier 3: holds its defined advantage through one scene; careless use immediately exposes the operator.","For this textile spindle, caravan quartermasters pay well at remote desert crossings; it controls fiber tension during thread production. Inspect shaft straightness, whorl balance, hook wear, surface drag, and consistency of a short test winding; a complete regional build and traceable service history; an ashglass match supports a 37-unit guide price.","Textile spindle clue: its ashglass pattern can establish which caravan survived a lost route. Check shaft straightness, whorl balance, hook wear, surface drag, and consistency of a short test winding, then compare against ember-road caravans' ashglass standard; corroborate the claimed route only when construction and handling marks align.","Textile spindle with pale cloth, ashglass accents, and heat-blued metal.","A bent shaft introduces a repeating weakness through the entire length of finished thread; in desert, rapid cooling can crack parts that have been repeatedly heat-cycled. Ember-road caravans face this textile spindle's tier-3 risk, which can invalidate the evidence gathered in this encounter.","turned wood|spindle fitting","crafting|workshop-tool|rare|tier-3|desert|ember-road-caravans|finished|ornate|wood","24","1.55","37","1","ornate","Sunscorched Spindle is rated rare and belongs to the textile spindle class associated with ember-road caravans for desert use.","Textile spindle with pale cloth, ashglass accents, and heat-blued metal. Controls fiber tension during thread production. Its pale surfaces, protected contact points, and heat-treated materials resist grit and solar heat.","Maintaining its axis and tension produces repeatable thread suitable for later binding, repair, or fabrication; in desert, its pale surfaces, protected contact points, and heat-treated materials resist grit and solar heat. For this textile spindle, tier 3: holds its defined advantage through one scene; careless use immediately exposes the operator.","37","0.5","premium-table-05"
"2.0.0","pitm-0204","itm-fam-004","Sunscorched Bell","trinket","personal-object","rare","3","desert","ember-road caravans","finished","metal|ashglass","metal","focus","enchanting","delicate","tiny","Carries coded sound through poor visibility. Its ashglass pattern remains visible in hard light and records caravan provenance.","Selecting and sounding a known cadence can warn, assemble, or redirect listeners when sight lines are poor; in desert, its ashglass pattern remains visible in hard light and records caravan provenance. For this signal bell, tier 3: holds its defined advantage through one scene; careless use immediately exposes the operator.","For this signal bell, caravan quartermasters pay well at remote desert crossings; it carries coded sound through poor visibility. Inspect clapper clearance, suspension wear, rim cracks, and whether the tone still matches its recorded signal; a complete regional build and traceable service history; an ashglass match supports a 37-unit guide price.","Signal bell clue: its ashglass pattern can establish which caravan survived a lost route. Check clapper clearance, suspension wear, rim cracks, and whether the tone still matches its recorded signal, then compare against ember-road caravans' ashglass standard; a mismatch suggests deliberate substitution; a match strengthens the origin claim.","Signal bell with pale cloth, ashglass accents, and heat-blued metal.","A changed tone can transmit the wrong instruction or reveal that a supposedly authentic bell has been altered; in desert, sudden cold can fracture the ashglass marks that establish identity. This signal bell's tier-3 fault can invalidate the evidence gathered in this encounter; Ember-road caravans recognize its ashglass construction.","small fitting","trinket|personal-object|rare|tier-3|desert|ember-road-caravans|finished|ornate|metal|focus","24","1.55","37","3","ornate","Sunscorched Bell is rated rare and belongs to the signal bell class associated with ember-road caravans for desert use.","Signal bell with pale cloth, ashglass accents, and heat-blued metal. Carries coded sound through poor visibility. Its ashglass pattern remains visible in hard light and records caravan provenance.","Selecting and sounding a known cadence can warn, assemble, or redirect listeners when sight lines are poor; in desert, its ashglass pattern remains visible in hard light and records caravan provenance. For this signal bell, tier 3: holds its defined advantage through one scene; careless use immediately exposes the operator.","37","0.1","premium-table-05"
"2.0.0","pitm-0225","itm-fam-025","Sunscorched Key","quest","key-item","rare","4","desert","ember-road caravans","key-item","metal|ashglass","metal","none","","stable","tiny","Opens or authenticates one linked mechanism. Its ashglass pattern remains visible in hard light and records caravan provenance.","Matching its coded surfaces to the linked mechanism can open access or prove that the bearer controls an authorized copy; in desert, its ashglass pattern remains visible in hard light and records caravan provenance. For this coded access key, tier 4: anchors a group effort that would otherwise fragment; the item cannot replace situational judgment.","For this coded access key, caravan quartermasters pay well at remote desert crossings; it opens or authenticates one linked mechanism. Inspect tooth wear, shaft straightness, code marks, repair seams, and residue from the intended lock; scarce expert construction with a clean chain of custody; an ashglass match supports a 34-unit guide price.","Coded access key clue: its ashglass pattern can establish which caravan survived a lost route. Check tooth wear, shaft straightness, code marks, repair seams, and residue from the intended lock, then compare against ember-road caravans' ashglass standard; if the physical pattern conflicts with the story, suspend the attribution.","Coded access key with pale cloth, ashglass accents, and heat-blued metal.","A near-copy can enter the mechanism yet jam before completing authentication; in desert, sudden cold can fracture the ashglass marks that establish identity. Coded access key consequence at tier 4: A fault can expose every participant using the same plan when ember-road caravans rely on it.","","quest|key-item|rare|tier-4|desert|ember-road-caravans|ornate|metal","18","1.9","34","1","ornate","Sunscorched Key is rated rare and belongs to the coded access key class associated with ember-road caravans for desert use.","Coded access key with pale cloth, ashglass accents, and heat-blued metal. Opens or authenticates one linked mechanism. Its ashglass pattern remains visible in hard light and records caravan provenance.","Matching its coded surfaces to the linked mechanism can open access or prove that the bearer controls an authorized copy; in desert, its ashglass pattern remains visible in hard light and records caravan provenance. For this coded access key, tier 4: anchors a group effort that would otherwise fragment; the item cannot replace situational judgment.","34","0.1","premium-table-05"
"2.0.0","pitm-0230","itm-fam-030","Sunscorched Mask","wearable","wearable","rare","4","desert","ember-road caravans","finished","mixed|ashglass","mixed","none","tailoring|smithing","working","light","Conceals identity or filters a specific hazard. Its pale layers vent heat while shielding skin and closures from abrasive sand.","Fitting it before exposure can conceal identity or filter one anticipated hazard, but not both equally; in desert, its pale layers vent heat while shielding skin and closures from abrasive sand. For this identity or filter mask, tier 4: anchors a group effort that would otherwise fragment; new hazards remain outside its scope.","For this identity or filter mask, caravan quartermasters pay well at remote desert crossings; it conceals identity or filters a specific hazard. Inspect seal fit, strap elasticity, filter condition, interior residue, and sight-line alignment; scarce expert construction with a clean chain of custody; an ashglass match supports a 72-unit guide price.","Identity or filter mask clue: its ashglass pattern can establish which caravan survived a lost route. Check seal fit, strap elasticity, filter condition, interior residue, and sight-line alignment, then compare against ember-road caravans' ashglass standard; a consistent build links the clue to its source; mixed methods indicate tampering.","Identity or filter mask with pale cloth, ashglass accents, and heat-blued metal.","A poor seal can preserve the appearance of protection while admitting the hazard at the edges; in desert, the loose protective layers catch easily in confined spaces. For this identity or filter mask, tier 4 failure can expose every participant using the same plan; Ember-road caravans encounter the fault in use.","fastener|fabric or hide","wearable|rare|tier-4|desert|ember-road-caravans|finished|ornate|mixed","38","1.9","72","1","ornate","Sunscorched Mask is rated rare and belongs to the identity or filter mask class associated with ember-road caravans for desert use.","Identity or filter mask with pale cloth, ashglass accents, and heat-blued metal. Conceals identity or filters a specific hazard. Its pale layers vent heat while shielding skin and closures from abrasive sand.","Fitting it before exposure can conceal identity or filter one anticipated hazard, but not both equally; in desert, its pale layers vent heat while shielding skin and closures from abrasive sand. For this identity or filter mask, tier 4: anchors a group effort that would otherwise fragment; new hazards remain outside its scope.","72","0.5","premium-table-05"
"2.0.0","pitm-0231","itm-fam-031","Sunscorched Needle","tool","field-tool","epic","5","desert","ember-road caravans","finished","metal|ashglass","metal","none","smithing|woodcraft|survival|artifice","working","light","Supports stitching, sampling, or delicate repair. Its pale surfaces, protected contact points, and heat-treated materials resist grit and solar heat.","Using its point and eye for one precise pass can stitch, sample, probe, or repair without disturbing nearby material; in desert, its pale surfaces, protected contact points, and heat-treated materials resist grit and solar heat. For this precision needle, tier 5: can convert a fully prepared plan into a defining advantage; unexpected opposition requires another plan.","For this precision needle, caravan quartermasters pay well at remote desert crossings; it supports stitching, sampling, or delicate repair. Inspect point straightness, burrs, eye cracks, surface residue, and flex under light pressure; unique operational history verified by several sources; an ashglass match supports a 45-unit guide price.","Precision needle clue: its ashglass pattern can establish which caravan survived a lost route. Check point straightness, burrs, eye cracks, surface residue, and flex under light pressure, then compare against ember-road caravans' ashglass standard; construction evidence outranks testimony when the two disagree.","Precision needle with pale cloth, ashglass accents, and heat-blued metal.","A hidden burr tears the material or contaminates the sample during withdrawal; in desert, rapid cooling can crack parts that have been repeatedly heat-cycled. This precision needle's tier-5 fault may create a lasting consequence beyond the current objective; Ember-road caravans recognize its ashglass construction.","tool component|binding material","tool|field-tool|epic|tier-5|desert|ember-road-caravans|finished|ornate|metal","18","2.5","45","1","ornate","Sunscorched Needle is rated epic and belongs to the precision needle class associated with ember-road caravans for desert use.","Precision needle with pale cloth, ashglass accents, and heat-blued metal. Supports stitching, sampling, or delicate repair. Its pale surfaces, protected contact points, and heat-treated materials resist grit and solar heat.","Using its point and eye for one precise pass can stitch, sample, probe, or repair without disturbing nearby material; in desert, its pale surfaces, protected contact points, and heat-treated materials resist grit and solar heat. For this precision needle, tier 5: can convert a fully prepared plan into a defining advantage; unexpected opposition requires another plan.","45","0.5","premium-table-05"
"2.0.0","pitm-0216","itm-fam-016","Sunscorched Cup","trade","ceremonial-vessel","epic","5","desert","ember-road caravans","finished","ceramic|ashglass","ceramic","none","","stable","medium","Moves as a valued household or ceremonial good. It is packed to shed heat and dust during long transfers between caravan stages.","Using it in a formal exchange can reveal hospitality, rank, taboo, or whether participants recognize the same custom; in desert, it is packed to shed heat and dust during long transfers between caravan stages. For this refined drinking vessel, tier 5: can convert a fully prepared plan into a defining advantage; active danger still needs a separate answer.","For this refined drinking vessel, caravan quartermasters pay well at remote desert crossings; it moves as a valued household or ceremonial good. Inspect rim wear, glaze repairs, maker marks, residue, and whether paired ceremonial details remain intact; unique operational history verified by several sources; an ashglass match supports a 63-unit guide price.","Refined drinking vessel clue: its ashglass pattern can establish which caravan survived a lost route. Check rim wear, glaze repairs, maker marks, residue, and whether paired ceremonial details remain intact, then compare against ember-road caravans' ashglass standard; matching wear supports the account, while fresh work points to a planted lead.","Refined drinking vessel with pale cloth, ashglass accents, and heat-blued metal.","An unnoticed repair or contaminant can turn a trust-building ritual into an insult or accusation; in desert, the specialized wrapping performs poorly in wet climates. For this refined drinking vessel, tier 5 failure may create a lasting consequence beyond the current objective; Ember-road caravans encounter the fault in use.","packing material","trade|ceremonial-vessel|epic|tier-5|desert|ember-road-caravans|finished|ornate|ceramic","25","2.5","63","4","ornate","Sunscorched Cup is rated epic and belongs to the refined drinking vessel class associated with ember-road caravans for desert use.","Refined drinking vessel with pale cloth, ashglass accents, and heat-blued metal. Moves as a valued household or ceremonial good. It is packed to shed heat and dust during long transfers between caravan stages.","Using it in a formal exchange can reveal hospitality, rank, taboo, or whether participants recognize the same custom; in desert, it is packed to shed heat and dust during long transfers between caravan stages. For this refined drinking vessel, tier 5: can convert a fully prepared plan into a defining advantage; active danger still needs a separate answer.","63","1.5","premium-table-05"
"2.0.0","pitm-0286","itm-fam-036","Rimebound Relic","relic","arcane-focus","common","1","tundra","long-winter expeditions","finished","mixed|frost-lacquered hide","mixed","focus","enchanting|artifice","delicate","light","Anchors lore and controlled supernatural inquiry. Its high-contrast lacquer preserves expedition marks in snow glare and low light.","Comparing its marks, material, and response with a documented account can confirm or challenge one piece of inherited lore; in tundra, its high-contrast lacquer preserves expedition marks in snow glare and low light. For this documented historical object, tier 1: removes one predictable obstruction; the regional constraint still governs the result.","For this documented historical object, winter expeditions replace damaged gear before the first freeze; it anchors lore and controlled supernatural inquiry. Inspect provenance marks, repair layers, material age, resonant response, and consistency with the archive record; ordinary service wear; a frost-lacquered hide match supports a 93-unit guide price.","Documented historical object clue: its lacquer scratches preserve expedition tallies and emergency marks. Check provenance marks, repair layers, material age, resonant response, and consistency with the archive record, then compare against long-winter expeditions' frost-lacquered hide standard; treat inconsistent workmanship as evidence that the trail was altered.","Documented historical object with fur-lined grips, frost-white lacquer, and insulated joints.","Restoration can erase the contradiction that made the object historically useful; in tundra, heat causes the lacquer to lift from flexible or porous surfaces. At tier 1, this documented historical object is likely to surface during preparation when long-winter expeditions rely on it.","focus fragment|inscribed fitting","relic|arcane-focus|common|tier-1|tundra|long-winter-expeditions|finished|practical|mixed|focus","93","1","93","1","practical","Rimebound Relic is rated common and belongs to the documented historical object class associated with long-winter expeditions for tundra use.","Documented historical object with fur-lined grips, frost-white lacquer, and insulated joints. Anchors lore and controlled supernatural inquiry. Its high-contrast lacquer preserves expedition marks in snow glare and low light.","Comparing its marks, material, and response with a documented account can confirm or challenge one piece of inherited lore; in tundra, its high-contrast lacquer preserves expedition marks in snow glare and low light. For this documented historical object, tier 1: removes one predictable obstruction; the regional constraint still governs the result.","93","0.5","premium-table-06"
"2.0.0","pitm-0266","itm-fam-016","Rimebound Cup","trade","ceremonial-vessel","common","1","tundra","long-winter expeditions","finished","ceramic|frost-lacquered hide","ceramic","none","","stable","medium","Moves as a valued household or ceremonial good. It is bundled for sled transport and counted without exposing the cargo to wind.","Using it in a formal exchange can reveal hospitality, rank, taboo, or whether participants recognize the same custom; in tundra, it is bundled for sled transport and counted without exposing the cargo to wind. For this refined drinking vessel, tier 1: removes one predictable obstruction; the regional constraint still governs the result.","For this refined drinking vessel, winter expeditions replace damaged gear before the first freeze; it moves as a valued household or ceremonial good. Inspect rim wear, glaze repairs, maker marks, residue, and whether paired ceremonial details remain intact; ordinary service wear; a frost-lacquered hide match supports a 18-unit guide price.","Refined drinking vessel clue: its lacquer scratches preserve expedition tallies and emergency marks. Check rim wear, glaze repairs, maker marks, residue, and whether paired ceremonial details remain intact, then compare against long-winter expeditions' frost-lacquered hide standard; matching wear supports the account, while fresh work points to a planted lead.","Refined drinking vessel with fur-lined grips, frost-white lacquer, and insulated joints.","An unnoticed repair or contaminant can turn a trust-building ritual into an insult or accusation; in tundra, its insulating wrap adds bulk in temperate markets. This refined drinking vessel's tier-1 fault is likely to surface during preparation; Long-winter expeditions recognize its frost-lacquered hide construction.","packing material","trade|ceremonial-vessel|common|tier-1|tundra|long-winter-expeditions|finished|practical|ceramic","18","1","18","4","practical","Rimebound Cup is rated common and belongs to the refined drinking vessel class associated with long-winter expeditions for tundra use.","Refined drinking vessel with fur-lined grips, frost-white lacquer, and insulated joints. Moves as a valued household or ceremonial good. It is bundled for sled transport and counted without exposing the cargo to wind.","Using it in a formal exchange can reveal hospitality, rank, taboo, or whether participants recognize the same custom; in tundra, it is bundled for sled transport and counted without exposing the cargo to wind. For this refined drinking vessel, tier 1: removes one predictable obstruction; the regional constraint still governs the result.","18","1.5","premium-table-06"
"2.0.0","pitm-0262","itm-fam-012","Rimebound Chisel","tool","field-tool","uncommon","2","tundra","long-winter expeditions","finished","metal|frost-lacquered hide","metal","none","smithing|woodcraft|survival|artifice","working","light","Shapes stone, wood, or soft metal precisely. Its insulated grips and frost-shedding surfaces remain usable with heavy gloves.","Setting its angle before the strike creates a controlled cut, fracture, or maker mark in a chosen surface; in tundra, its insulated grips and frost-shedding surfaces remain usable with heavy gloves. For this cutting chisel, tier 2: replaces one uncertain step with a controlled choice; careless use immediately exposes the operator.","For this cutting chisel, winter expeditions replace damaged gear before the first freeze; it shapes stone, wood, or soft metal precisely. Inspect edge angle, mushrooming at the struck end, shaft straightness, and chips along the working face; a trained owner's maintenance marks; a frost-lacquered hide match supports a 30-unit guide price.","Cutting chisel clue: its lacquer scratches preserve expedition tallies and emergency marks. Check edge angle, mushrooming at the struck end, shaft straightness, and chips along the working face, then compare against long-winter expeditions' frost-lacquered hide standard; treat inconsistent workmanship as evidence that the trail was altered.","Cutting chisel with fur-lined grips, frost-white lacquer, and insulated joints.","A damaged edge redirects the next strike and can destroy the detail or fracture line being established; in tundra, warm, damp storage swells insulation and traps condensation. Cutting chisel consequence at tier 2: A fault may expose the operator's route or supplier when long-winter expeditions rely on it.","tool component|binding material","tool|field-tool|uncommon|tier-2|tundra|long-winter-expeditions|finished|practical|metal","25","1.2","30","1","practical","Rimebound Chisel is rated uncommon and belongs to the cutting chisel class associated with long-winter expeditions for tundra use.","Cutting chisel with fur-lined grips, frost-white lacquer, and insulated joints. Shapes stone, wood, or soft metal precisely. Its insulated grips and frost-shedding surfaces remain usable with heavy gloves.","Setting its angle before the strike creates a controlled cut, fracture, or maker mark in a chosen surface; in tundra, its insulated grips and frost-shedding surfaces remain usable with heavy gloves. For this cutting chisel, tier 2: replaces one uncertain step with a controlled choice; careless use immediately exposes the operator.","30","0.5","premium-table-06"
"2.0.0","pitm-0267","itm-fam-017","Rimebound Dagger","weapon","weapon","uncommon","2","tundra","long-winter expeditions","finished","metal|frost-lacquered hide","metal","none","smithing","heavy","medium","Favors concealment and close control. Its insulated grips and frost-shedding surfaces remain usable with heavy gloves.","Its draw and grip can be prepared for concealment, close control, or a deliberate show of threat; in tundra, its insulated grips and frost-shedding surfaces remain usable with heavy gloves. For this short thrusting weapon, tier 2: replaces one uncertain step with a controlled choice; success depends on maintaining the prepared conditions.","For this short thrusting weapon, winter expeditions replace damaged gear before the first freeze; it favors concealment and close control. Inspect point alignment, edge damage, guard movement, sheath retention, and signs of a recently changed grip; a trained owner's maintenance marks; a frost-lacquered hide match supports a 48-unit guide price.","Short thrusting weapon clue: its lacquer scratches preserve expedition tallies and emergency marks. Check point alignment, edge damage, guard movement, sheath retention, and signs of a recently changed grip, then compare against long-winter expeditions' frost-lacquered hide standard; matching wear supports the account, while fresh work points to a planted lead.","Short thrusting weapon with fur-lined grips, frost-white lacquer, and insulated joints.","A loose guard or unreliable sheath makes concealment more dangerous to the bearer than the target; in tundra, warm, damp storage swells insulation and traps condensation. For this short thrusting weapon, tier 2 failure may expose the operator's route or supplier; Long-winter expeditions encounter the fault in use.","metal component|grip material","weapon|uncommon|tier-2|tundra|long-winter-expeditions|finished|practical|metal","40","1.2","48","1","practical","Rimebound Dagger is rated uncommon and belongs to the short thrusting weapon class associated with long-winter expeditions for tundra use.","Short thrusting weapon with fur-lined grips, frost-white lacquer, and insulated joints. Favors concealment and close control. Its insulated grips and frost-shedding surfaces remain usable with heavy gloves.","Its draw and grip can be prepared for concealment, close control, or a deliberate show of threat; in tundra, its insulated grips and frost-shedding surfaces remain usable with heavy gloves. For this short thrusting weapon, tier 2: replaces one uncertain step with a controlled choice; success depends on maintaining the prepared conditions.","48","1.5","premium-table-06"
"2.0.0","pitm-0258","itm-fam-008","Rimebound Bottle","consumable","prepared-consumable","rare","3","tundra","long-winter expeditions","consumable","glass|frost-lacquered hide","glass","none","alchemy|cooking","fragile","light","Stores a measured single-use liquid. Its insulated container prevents freezing and keeps the dose accessible with numb hands.","Its measured seal preserves one liquid dose and makes unauthorized opening easier to detect; in tundra, its insulated container prevents freezing and keeps the dose accessible with numb hands. For this sealed prepared draught, tier 3: carries its prepared advantage across a complete encounter; new hazards remain outside its scope.","For this sealed prepared draught, winter expeditions replace damaged gear before the first freeze; it stores a measured single-use liquid. Inspect seal continuity, glass clouding, stopper fit, fill level, and residue around the neck; field-ready condition with verifiable provenance; a frost-lacquered hide match supports a 29-unit guide price.","Sealed prepared draught clue: its lacquer scratches preserve expedition tallies and emergency marks. Check seal continuity, glass clouding, stopper fit, fill level, and residue around the neck, then compare against long-winter expeditions' frost-lacquered hide standard; use the oldest intact surface to decide whether the claim is genuine.","Sealed prepared draught with fur-lined grips, frost-white lacquer, and insulated joints.","A hairline crack or reseated stopper can preserve the appearance of safety after the contents are compromised; in tundra, repeated thawing and refreezing separates or weakens the contents. For this sealed prepared draught, tier 3 failure can turn a controlled scene into an exposed retreat; Long-winter expeditions encounter the fault in use.","container","consumable|prepared-consumable|rare|tier-3|tundra|long-winter-expeditions|practical|glass","19","1.55","29","6","practical","Rimebound Bottle is rated rare and belongs to the sealed prepared draught class associated with long-winter expeditions for tundra use.","Sealed prepared draught with fur-lined grips, frost-white lacquer, and insulated joints. Stores a measured single-use liquid. Its insulated container prevents freezing and keeps the dose accessible with numb hands.","Its measured seal preserves one liquid dose and makes unauthorized opening easier to detect; in tundra, its insulated container prevents freezing and keeps the dose accessible with numb hands. For this sealed prepared draught, tier 3: carries its prepared advantage across a complete encounter; new hazards remain outside its scope.","29","0.5","premium-table-06"
"2.0.0","pitm-0268","itm-fam-018","Rimebound Drum","trinket","personal-object","rare","3","tundra","long-winter expeditions","finished","hide|frost-lacquered hide","hide","focus","enchanting","delicate","tiny","Coordinates groups through rhythm. Its high-contrast lacquer preserves expedition marks in snow glare and low light.","A rehearsed rhythm can synchronize movement, work, warning, or ceremony across a group; in tundra, its high-contrast lacquer preserves expedition marks in snow glare and low light. For this portable signal drum, tier 3: carries its prepared advantage across a complete encounter; new hazards remain outside its scope.","For this portable signal drum, winter expeditions replace damaged gear before the first freeze; it coordinates groups through rhythm. Inspect head tension, frame cracks, lacing order, moisture, and whether the tone matches the intended cadence; field-ready condition with verifiable provenance; a frost-lacquered hide match supports a 50-unit guide price.","Portable signal drum clue: its lacquer scratches preserve expedition tallies and emergency marks. Check head tension, frame cracks, lacing order, moisture, and whether the tone matches the intended cadence, then compare against long-winter expeditions' frost-lacquered hide standard; corroborate the claimed route only when construction and handling marks align.","Portable signal drum with fur-lined grips, frost-white lacquer, and insulated joints.","Uneven tension distorts the rhythm enough to split a coordinated response; in tundra, heat causes the lacquer to lift from flexible or porous surfaces. At tier 3, this portable signal drum can turn a controlled scene into an exposed retreat when long-winter expeditions rely on it.","small fitting","trinket|personal-object|rare|tier-3|tundra|long-winter-expeditions|finished|practical|hide|focus","32","1.55","50","3","practical","Rimebound Drum is rated rare and belongs to the portable signal drum class associated with long-winter expeditions for tundra use.","Portable signal drum with fur-lined grips, frost-white lacquer, and insulated joints. Coordinates groups through rhythm. Its high-contrast lacquer preserves expedition marks in snow glare and low light.","A rehearsed rhythm can synchronize movement, work, warning, or ceremony across a group; in tundra, its high-contrast lacquer preserves expedition marks in snow glare and low light. For this portable signal drum, tier 3: carries its prepared advantage across a complete encounter; new hazards remain outside its scope.","50","0.1","premium-table-06"
"2.0.0","pitm-0294","itm-fam-044","Rimebound Spindle","crafting","workshop-tool","rare","4","tundra","long-winter expeditions","finished","wood|frost-lacquered hide","wood","none","tailoring","working","light","Controls fiber tension during thread production. Its insulated grips and frost-shedding surfaces remain usable with heavy gloves.","Maintaining its axis and tension produces repeatable thread suitable for later binding, repair, or fabrication; in tundra, its insulated grips and frost-shedding surfaces remain usable with heavy gloves. For this textile spindle, tier 4: keeps a multi-stage operation aligned; active danger still needs a separate answer.","For this textile spindle, winter expeditions replace damaged gear before the first freeze; it controls fiber tension during thread production. Inspect shaft straightness, whorl balance, hook wear, surface drag, and consistency of a short test winding; a scarce configuration tied to a known commission; a frost-lacquered hide match supports a 51-unit guide price.","Textile spindle clue: its lacquer scratches preserve expedition tallies and emergency marks. Check shaft straightness, whorl balance, hook wear, surface drag, and consistency of a short test winding, then compare against long-winter expeditions' frost-lacquered hide standard; corroborate the claimed route only when construction and handling marks align.","Textile spindle with fur-lined grips, frost-white lacquer, and insulated joints.","A bent shaft introduces a repeating weakness through the entire length of finished thread; in tundra, warm, damp storage swells insulation and traps condensation. Textile spindle consequence at tier 4: A fault may compromise several linked tasks at once when long-winter expeditions rely on it.","turned wood|spindle fitting","crafting|workshop-tool|rare|tier-4|tundra|long-winter-expeditions|finished|practical|wood","27","1.9","51","1","practical","Rimebound Spindle is rated rare and belongs to the textile spindle class associated with long-winter expeditions for tundra use.","Textile spindle with fur-lined grips, frost-white lacquer, and insulated joints. Controls fiber tension during thread production. Its insulated grips and frost-shedding surfaces remain usable with heavy gloves.","Maintaining its axis and tension produces repeatable thread suitable for later binding, repair, or fabrication; in tundra, its insulated grips and frost-shedding surfaces remain usable with heavy gloves. For this textile spindle, tier 4: keeps a multi-stage operation aligned; active danger still needs a separate answer.","51","0.5","premium-table-06"
"2.0.0","pitm-0259","itm-fam-009","Rimebound Brooch","wearable","wearable","rare","4","tundra","long-winter expeditions","finished","metal|frost-lacquered hide","metal","none","tailoring|smithing","working","light","Fastens layers and displays affiliation. Its layered insulation protects exposed closures without preventing gloved use.","Locking it through layered fabric can secure travel clothing while presenting one deliberate affiliation; in tundra, its layered insulation protects exposed closures without preventing gloved use. For this locking garment brooch, tier 4: keeps a multi-stage operation aligned; unexpected opposition requires another plan.","For this locking garment brooch, winter expeditions replace damaged gear before the first freeze; it fastens layers and displays affiliation. Inspect pin straightness, hinge play, catch tension, and wear around the displayed emblem; a scarce configuration tied to a known commission; a frost-lacquered hide match supports a 59-unit guide price.","Locking garment brooch clue: its lacquer scratches preserve expedition tallies and emergency marks. Check pin straightness, hinge play, catch tension, and wear around the displayed emblem, then compare against long-winter expeditions' frost-lacquered hide standard; construction evidence outranks testimony when the two disagree.","Locking garment brooch with fur-lined grips, frost-white lacquer, and insulated joints.","A bent pin can release under load, while a substituted emblem can misidentify the wearer; in tundra, the same insulation becomes heavy and slow to dry in warmer weather. At tier 4, this locking garment brooch may compromise several linked tasks at once when long-winter expeditions rely on it.","fastener|fabric or hide","wearable|rare|tier-4|tundra|long-winter-expeditions|finished|practical|metal","31","1.9","59","1","practical","Rimebound Brooch is rated rare and belongs to the locking garment brooch class associated with long-winter expeditions for tundra use.","Locking garment brooch with fur-lined grips, frost-white lacquer, and insulated joints. Fastens layers and displays affiliation. Its layered insulation protects exposed closures without preventing gloved use.","Locking it through layered fabric can secure travel clothing while presenting one deliberate affiliation; in tundra, its layered insulation protects exposed closures without preventing gloved use. For this locking garment brooch, tier 4: keeps a multi-stage operation aligned; unexpected opposition requires another plan.","59","0.5","premium-table-06"
"2.0.0","pitm-0295","itm-fam-045","Rimebound Stone","material","raw-material","epic","5","tundra","long-winter expeditions","raw","mineral|frost-lacquered hide","mineral","base|catalyst|structure","alchemy|smithing|artifice|woodcraft|survival","stable","medium","Provides mass, structure, pigment, or catalytic mineral. It is conditioned to remain workable through deep cold and repeated freeze cycles.","Testing and orienting it before use supplies predictable mass, structure, pigment, or catalytic mineral; in tundra, it is conditioned to remain workable through deep cold and repeated freeze cycles. For this selected working stone, tier 5: can settle a campaign-level obstacle under exact conditions; its drawback applies as soon as preparation breaks down.","For this selected working stone, winter expeditions replace damaged gear before the first freeze; it provides mass, structure, pigment, or catalytic mineral. Inspect grain, hidden fractures, inclusions, moisture, surface treatment, and response to a small test strike; an extraordinary build with corroborated ownership; a frost-lacquered hide match supports a 43-unit guide price.","Selected working stone clue: its lacquer scratches preserve expedition tallies and emergency marks. Check grain, hidden fractures, inclusions, moisture, surface treatment, and response to a small test strike, then compare against long-winter expeditions' frost-lacquered hide standard; corroborate the claimed route only when construction and handling marks align.","Selected working stone with fur-lined grips, frost-white lacquer, and insulated joints.","An unnoticed seam can split under load or contaminate every batch ground from it; in tundra, a rapid thaw can introduce fractures or trapped moisture. Long-winter expeditions face this selected working stone's tier-5 risk, which can reverse the intended advantage at campaign scale.","","material|raw-material|epic|tier-5|tundra|long-winter-expeditions|raw|practical|mineral|base|catalyst|structure","17","2.5","43","20","practical","Rimebound Stone is rated epic and belongs to the selected working stone class associated with long-winter expeditions for tundra use.","Selected working stone with fur-lined grips, frost-white lacquer, and insulated joints. Provides mass, structure, pigment, or catalytic mineral. It is conditioned to remain workable through deep cold and repeated freeze cycles.","Testing and orienting it before use supplies predictable mass, structure, pigment, or catalytic mineral; in tundra, it is conditioned to remain workable through deep cold and repeated freeze cycles. For this selected working stone, tier 5: can settle a campaign-level obstacle under exact conditions; its drawback applies as soon as preparation breaks down.","43","1.5","premium-table-06"
"2.0.0","pitm-0275","itm-fam-025","Rimebound Key","quest","key-item","epic","5","tundra","long-winter expeditions","key-item","metal|frost-lacquered hide","metal","none","","stable","tiny","Opens or authenticates one linked mechanism. Its high-contrast lacquer preserves expedition marks in snow glare and low light.","Matching its coded surfaces to the linked mechanism can open access or prove that the bearer controls an authorized copy; in tundra, its high-contrast lacquer preserves expedition marks in snow glare and low light. For this coded access key, tier 5: can settle a campaign-level obstacle under exact conditions; its drawback applies as soon as preparation breaks down.","For this coded access key, winter expeditions replace damaged gear before the first freeze; it opens or authenticates one linked mechanism. Inspect tooth wear, shaft straightness, code marks, repair seams, and residue from the intended lock; an extraordinary build with corroborated ownership; a frost-lacquered hide match supports a 53-unit guide price.","Coded access key clue: its lacquer scratches preserve expedition tallies and emergency marks. Check tooth wear, shaft straightness, code marks, repair seams, and residue from the intended lock, then compare against long-winter expeditions' frost-lacquered hide standard; separate ordinary repair from deliberate alteration before trusting the clue.","Coded access key with fur-lined grips, frost-white lacquer, and insulated joints.","A near-copy can enter the mechanism yet jam before completing authentication; in tundra, heat causes the lacquer to lift from flexible or porous surfaces. At tier 5, this coded access key can reverse the intended advantage at campaign scale when long-winter expeditions rely on it.","","quest|key-item|epic|tier-5|tundra|long-winter-expeditions|practical|metal","21","2.5","53","1","practical","Rimebound Key is rated epic and belongs to the coded access key class associated with long-winter expeditions for tundra use.","Coded access key with fur-lined grips, frost-white lacquer, and insulated joints. Opens or authenticates one linked mechanism. Its high-contrast lacquer preserves expedition marks in snow glare and low light.","Matching its coded surfaces to the linked mechanism can open access or prove that the bearer controls an authorized copy; in tundra, its high-contrast lacquer preserves expedition marks in snow glare and low light. For this coded access key, tier 5: can settle a campaign-level obstacle under exact conditions; its drawback applies as soon as preparation breaks down.","53","0.1","premium-table-06"
"2.0.0","pitm-0325","itm-fam-025","Vaultmarked Key","quest","key-item","common","1","ruins","archive recovery crews","key-item","metal|archive bronze","metal","none","","stable","tiny","Opens or authenticates one linked mechanism. Its geometric marks connect it to a catalogued chamber, collection, or ritual sequence.","Matching its coded surfaces to the linked mechanism can open access or prove that the bearer controls an authorized copy; in ruins, its geometric marks connect it to a catalogued chamber, collection, or ritual sequence. For this coded access key, tier 1: clears one routine complication; success depends on maintaining the prepared conditions.","For this coded access key, archivists value documented provenance more than surface condition; it opens or authenticates one linked mechanism. Inspect tooth wear, shaft straightness, code marks, repair seams, and residue from the intended lock; routine workshop finish; an archive bronze match supports a 13-unit guide price.","Coded access key clue: its inventory number points toward a sealed collection or missing survey. Check tooth wear, shaft straightness, code marks, repair seams, and residue from the intended lock, then compare against archive recovery crews' archive bronze standard; if the physical pattern conflicts with the story, suspend the attribution.","Coded access key with numbered seals, oxidized metal, and geometric archive marks.","A near-copy can enter the mechanism yet jam before completing authentication; in ruins, cleaning or re-engraving the marks can erase the sequence relationship. For this coded access key, tier 1 failure normally costs only a routine adjustment; Archive recovery crews encounter the fault in use.","","quest|key-item|common|tier-1|ruins|archive-recovery-crews|ancient|metal","13","1","13","1","ancient","Vaultmarked Key is rated common and belongs to the coded access key class associated with archive recovery crews for ruins use.","Coded access key with numbered seals, oxidized metal, and geometric archive marks. Opens or authenticates one linked mechanism. Its geometric marks connect it to a catalogued chamber, collection, or ritual sequence.","Matching its coded surfaces to the linked mechanism can open access or prove that the bearer controls an authorized copy; in ruins, its geometric marks connect it to a catalogued chamber, collection, or ritual sequence. For this coded access key, tier 1: clears one routine complication; success depends on maintaining the prepared conditions.","13","0.1","premium-table-07"
"2.0.0","pitm-0315","itm-fam-015","Vaultmarked Crown","relic","arcane-focus","common","1","ruins","archive recovery crews","finished","metal|archive bronze","metal","focus","enchanting|artifice","delicate","light","Embodies authority, succession, or ritual claim. Its geometric marks connect it to a catalogued chamber, collection, or ritual sequence.","Wearing or presenting it before witnesses can force a question of authority, succession, or ritual standing into the open; in ruins, its geometric marks connect it to a catalogued chamber, collection, or ritual sequence. For this ceremonial headpiece, tier 1: clears one routine complication; success depends on maintaining the prepared conditions.","For this ceremonial headpiece, archivists value documented provenance more than surface condition; it embodies authority, succession, or ritual claim. Inspect fit, missing settings, repaired breaks, heraldic order, and evidence that the inner band matches the claimant; routine workshop finish; an archive bronze match supports a 103-unit guide price.","Ceremonial headpiece clue: its inventory number points toward a sealed collection or missing survey. Check fit, missing settings, repaired breaks, heraldic order, and evidence that the inner band matches the claimant, then compare against archive recovery crews' archive bronze standard; agreement across fittings and wear makes the lead credible; one modern repair does not.","Ceremonial headpiece with numbered seals, oxidized metal, and geometric archive marks.","A false repair or displaced emblem can convert a claim of authority into a public challenge; in ruins, cleaning or re-engraving the marks can erase the sequence relationship. This ceremonial headpiece's tier-1 fault normally costs only a routine adjustment; Archive recovery crews recognize its archive bronze construction.","focus fragment|inscribed fitting","relic|arcane-focus|common|tier-1|ruins|archive-recovery-crews|finished|ancient|metal|focus","103","1","103","1","ancient","Vaultmarked Crown is rated common and belongs to the ceremonial headpiece class associated with archive recovery crews for ruins use.","Ceremonial headpiece with numbered seals, oxidized metal, and geometric archive marks. Embodies authority, succession, or ritual claim. Its geometric marks connect it to a catalogued chamber, collection, or ritual sequence.","Wearing or presenting it before witnesses can force a question of authority, succession, or ritual standing into the open; in ruins, its geometric marks connect it to a catalogued chamber, collection, or ritual sequence. For this ceremonial headpiece, tier 1: clears one routine complication; success depends on maintaining the prepared conditions.","103","0.5","premium-table-07"
"2.0.0","pitm-0331","itm-fam-031","Vaultmarked Needle","tool","field-tool","uncommon","2","ruins","archive recovery crews","finished","metal|archive bronze","metal","none","smithing|woodcraft|survival|artifice","working","light","Supports stitching, sampling, or delicate repair. Its dimensions and fittings match catalogued archive hardware and recovery equipment.","Using its point and eye for one precise pass can stitch, sample, probe, or repair without disturbing nearby material; in ruins, its dimensions and fittings match catalogued archive hardware and recovery equipment. For this precision needle, tier 2: gives the group a measured choice instead of a blind attempt; the item cannot replace situational judgment.","For this precision needle, archivists value documented provenance more than surface condition; it supports stitching, sampling, or delicate repair. Inspect point straightness, burrs, eye cracks, surface residue, and flex under light pressure; specialist use with one intact regional feature; an archive bronze match supports a 16-unit guide price.","Precision needle clue: its inventory number points toward a sealed collection or missing survey. Check point straightness, burrs, eye cracks, surface residue, and flex under light pressure, then compare against archive recovery crews' archive bronze standard; use the oldest intact surface to decide whether the claim is genuine.","Precision needle with numbered seals, oxidized metal, and geometric archive marks.","A hidden burr tears the material or contaminates the sample during withdrawal; in ruins, modifying a numbered fitting destroys evidence needed to verify provenance. Precision needle consequence at tier 2: A fault can spoil one prepared step without ending the operation when archive recovery crews rely on it.","tool component|binding material","tool|field-tool|uncommon|tier-2|ruins|archive-recovery-crews|finished|ancient|metal","13","1.2","16","1","ancient","Vaultmarked Needle is rated uncommon and belongs to the precision needle class associated with archive recovery crews for ruins use.","Precision needle with numbered seals, oxidized metal, and geometric archive marks. Supports stitching, sampling, or delicate repair. Its dimensions and fittings match catalogued archive hardware and recovery equipment.","Using its point and eye for one precise pass can stitch, sample, probe, or repair without disturbing nearby material; in ruins, its dimensions and fittings match catalogued archive hardware and recovery equipment. For this precision needle, tier 2: gives the group a measured choice instead of a blind attempt; the item cannot replace situational judgment.","16","0.5","premium-table-07"
"2.0.0","pitm-0316","itm-fam-016","Vaultmarked Cup","trade","ceremonial-vessel","uncommon","2","ruins","archive recovery crews","finished","ceramic|archive bronze","ceramic","none","","stable","medium","Moves as a valued household or ceremonial good. It travels with a recovery record that can be checked against an archive ledger.","Using it in a formal exchange can reveal hospitality, rank, taboo, or whether participants recognize the same custom; in ruins, it travels with a recovery record that can be checked against an archive ledger. For this refined drinking vessel, tier 2: gives the group a measured choice instead of a blind attempt; new hazards remain outside its scope.","For this refined drinking vessel, archivists value documented provenance more than surface condition; it moves as a valued household or ceremonial good. Inspect rim wear, glaze repairs, maker marks, residue, and whether paired ceremonial details remain intact; specialist use with one intact regional feature; an archive bronze match supports a 24-unit guide price.","Refined drinking vessel clue: its inventory number points toward a sealed collection or missing survey. Check rim wear, glaze repairs, maker marks, residue, and whether paired ceremonial details remain intact, then compare against archive recovery crews' archive bronze standard; corroborate the claimed route only when construction and handling marks align.","Refined drinking vessel with numbered seals, oxidized metal, and geometric archive marks.","An unnoticed repair or contaminant can turn a trust-building ritual into an insult or accusation; in ruins, its price collapses when the record and object become separated. Archive recovery crews face this refined drinking vessel's tier-2 risk, which can spoil one prepared step without ending the operation.","packing material","trade|ceremonial-vessel|uncommon|tier-2|ruins|archive-recovery-crews|finished|ancient|ceramic","20","1.2","24","4","ancient","Vaultmarked Cup is rated uncommon and belongs to the refined drinking vessel class associated with archive recovery crews for ruins use.","Refined drinking vessel with numbered seals, oxidized metal, and geometric archive marks. Moves as a valued household or ceremonial good. It travels with a recovery record that can be checked against an archive ledger.","Using it in a formal exchange can reveal hospitality, rank, taboo, or whether participants recognize the same custom; in ruins, it travels with a recovery record that can be checked against an archive ledger. For this refined drinking vessel, tier 2: gives the group a measured choice instead of a blind attempt; new hazards remain outside its scope.","24","1.5","premium-table-07"
"2.0.0","pitm-0317","itm-fam-017","Vaultmarked Dagger","weapon","weapon","rare","3","ruins","archive recovery crews","finished","metal|archive bronze","metal","none","smithing","heavy","medium","Favors concealment and close control. Its dimensions and fittings match catalogued archive hardware and recovery equipment.","Its draw and grip can be prepared for concealment, close control, or a deliberate show of threat; in ruins, its dimensions and fittings match catalogued archive hardware and recovery equipment. For this short thrusting weapon, tier 3: maintains a reliable edge until the scene changes; unexpected opposition requires another plan.","For this short thrusting weapon, archivists value documented provenance more than surface condition; it favors concealment and close control. Inspect point alignment, edge damage, guard movement, sheath retention, and signs of a recently changed grip; a documented example ready for immediate use; an archive bronze match supports a 65-unit guide price.","Short thrusting weapon clue: its inventory number points toward a sealed collection or missing survey. Check point alignment, edge damage, guard movement, sheath retention, and signs of a recently changed grip, then compare against archive recovery crews' archive bronze standard; matching wear supports the account, while fresh work points to a planted lead.","Short thrusting weapon with numbered seals, oxidized metal, and geometric archive marks.","A loose guard or unreliable sheath makes concealment more dangerous to the bearer than the target; in ruins, modifying a numbered fitting destroys evidence needed to verify provenance. This short thrusting weapon's tier-3 fault may reveal the supplier while the task is active; Archive recovery crews recognize its archive bronze construction.","metal component|grip material","weapon|rare|tier-3|ruins|archive-recovery-crews|finished|ancient|metal","42","1.55","65","1","ancient","Vaultmarked Dagger is rated rare and belongs to the short thrusting weapon class associated with archive recovery crews for ruins use.","Short thrusting weapon with numbered seals, oxidized metal, and geometric archive marks. Favors concealment and close control. Its dimensions and fittings match catalogued archive hardware and recovery equipment.","Its draw and grip can be prepared for concealment, close control, or a deliberate show of threat; in ruins, its dimensions and fittings match catalogued archive hardware and recovery equipment. For this short thrusting weapon, tier 3: maintains a reliable edge until the scene changes; unexpected opposition requires another plan.","65","1.5","premium-table-07"
"2.0.0","pitm-0307","itm-fam-007","Vaultmarked Boots","wearable","wearable","rare","3","ruins","archive recovery crews","finished","hide|archive bronze","hide","none","tailoring|smithing","working","light","Protect footing across hostile terrain. Its archive marks identify a survey role, access tier, or recovery crew without loose badges.","Preparing the soles and closures for the route can protect footing and leave a recognizable travel trace; in ruins, its archive marks identify a survey role, access tier, or recovery crew without loose badges. For this pair of travel boots, tier 3: maintains a reliable edge until the scene changes; unexpected opposition requires another plan.","For this pair of travel boots, archivists value documented provenance more than surface condition; they protect footing across hostile terrain. Inspect sole separation, tread wear, closure tension, and moisture trapped beneath reinforced panels; a documented example ready for immediate use; an archive bronze match supports a 57-unit guide price.","Pair of travel boots clue: its inventory number points toward a sealed collection or missing survey. Check sole separation, tread wear, closure tension, and moisture trapped beneath reinforced panels, then compare against archive recovery crews' archive bronze standard; construction evidence outranks testimony when the two disagree.","Travel boots with numbered seals, oxidized metal, and geometric archive marks.","A loosened sole or saturated lining can fail during the exact crossing the boots were meant to secure; in ruins, a damaged inventory mark can make legitimate access look fraudulent. Archive recovery crews face this pair of travel boots' tier-3 risk, which may reveal the supplier while the task is active.","fastener|fabric or hide","wearable|rare|tier-3|ruins|archive-recovery-crews|finished|ancient|hide","37","1.55","57","1","ancient","Vaultmarked Boots are rated rare and belong to the travel boots class associated with archive recovery crews for ruins use.","Travel boots with numbered seals, oxidized metal, and geometric archive marks. Protect footing across hostile terrain. Its archive marks identify a survey role, access tier, or recovery crew without loose badges.","Preparing the soles and closures for the route can protect footing and leave a recognizable travel trace; in ruins, its archive marks identify a survey role, access tier, or recovery crew without loose badges. For this pair of travel boots, tier 3: maintains a reliable edge until the scene changes; unexpected opposition requires another plan.","57","0.5","premium-table-07"
"2.0.0","pitm-0308","itm-fam-008","Vaultmarked Bottle","consumable","prepared-consumable","rare","4","ruins","archive recovery crews","consumable","glass|archive bronze","glass","none","alchemy|cooking","fragile","light","Stores a measured single-use liquid. Its numbered seal records preparation date, intended chamber, and approved handler.","Its measured seal preserves one liquid dose and makes unauthorized opening easier to detect; in ruins, its numbered seal records preparation date, intended chamber, and approved handler. For this sealed prepared draught, tier 4: extends its benefit to a team working from the same plan; failure remains possible once the scene changes.","For this sealed prepared draught, archivists value documented provenance more than surface condition; it stores a measured single-use liquid. Inspect seal continuity, glass clouding, stopper fit, fill level, and residue around the neck; expert finishing without unexplained replacement parts; an archive bronze match supports a 40-unit guide price.","Sealed prepared draught clue: its inventory number points toward a sealed collection or missing survey. Check seal continuity, glass clouding, stopper fit, fill level, and residue around the neck, then compare against archive recovery crews' archive bronze standard; use the oldest intact surface to decide whether the claim is genuine.","Sealed prepared draught with numbered seals, oxidized metal, and geometric archive marks.","A hairline crack or reseated stopper can preserve the appearance of safety after the contents are compromised; in ruins, breaking the seal removes the provenance that gives the dose scholarly value. This sealed prepared draught's tier-4 fault can spread through a coordinated operation before detection; Archive recovery crews recognize its archive bronze construction.","container","consumable|prepared-consumable|rare|tier-4|ruins|archive-recovery-crews|ancient|glass","21","1.9","40","6","ancient","Vaultmarked Bottle is rated rare and belongs to the sealed prepared draught class associated with archive recovery crews for ruins use.","Sealed prepared draught with numbered seals, oxidized metal, and geometric archive marks. Stores a measured single-use liquid. Its numbered seal records preparation date, intended chamber, and approved handler.","Its measured seal preserves one liquid dose and makes unauthorized opening easier to detect; in ruins, its numbered seal records preparation date, intended chamber, and approved handler. For this sealed prepared draught, tier 4: extends its benefit to a team working from the same plan; failure remains possible once the scene changes.","40","0.5","premium-table-07"
"2.0.0","pitm-0343","itm-fam-043","Vaultmarked Shell","material","raw-material","rare","4","ruins","archive recovery crews","raw","organic|archive bronze","organic","structure|finish","artifice|survival|woodcraft|tailoring|smithing","stable","light","Provides lightweight armor or alchemical mineral. It is sorted by chamber and catalog number so its recovered property can be reproduced or studied.","Cutting and orienting it correctly can provide lightweight structure, finish, armor, or mineral reagent; in ruins, it is sorted by chamber and catalog number so its recovered property can be reproduced or studied. For this treated protective shell, tier 4: extends its benefit to a team working from the same plan; its drawback applies as soon as preparation breaks down.","For this treated protective shell, archivists value documented provenance more than surface condition; it provides lightweight armor or alchemical mineral. Inspect layer separation, edge chalking, bore damage, contamination, and whether the natural curve matches the task; expert finishing without unexplained replacement parts; an archive bronze match supports a 36-unit guide price.","Treated protective shell clue: its inventory number points toward a sealed collection or missing survey. Check layer separation, edge chalking, bore damage, contamination, and whether the natural curve matches the task, then compare against archive recovery crews' archive bronze standard; corroborate the claimed route only when construction and handling marks align.","Treated protective shell with numbered seals, oxidized metal, and geometric archive marks.","A hidden delamination spreads rapidly once the shell is drilled, heated, or loaded; in ruins, mixing fragments from different contexts invalidates the record. For this treated protective shell, tier 4 failure can spread through a coordinated operation before detection; Archive recovery crews encounter the fault in use.","","material|raw-material|rare|tier-4|ruins|archive-recovery-crews|raw|ancient|organic|structure|finish","19","1.9","36","20","ancient","Vaultmarked Shell is rated rare and belongs to the treated protective shell class associated with archive recovery crews for ruins use.","Treated protective shell with numbered seals, oxidized metal, and geometric archive marks. Provides lightweight armor or alchemical mineral. It is sorted by chamber and catalog number so its recovered property can be reproduced or studied.","Cutting and orienting it correctly can provide lightweight structure, finish, armor, or mineral reagent; in ruins, it is sorted by chamber and catalog number so its recovered property can be reproduced or studied. For this treated protective shell, tier 4: extends its benefit to a team working from the same plan; its drawback applies as soon as preparation breaks down.","36","0.5","premium-table-07"
"2.0.0","pitm-0344","itm-fam-044","Vaultmarked Spindle","crafting","workshop-tool","epic","5","ruins","archive recovery crews","finished","wood|archive bronze","wood","none","tailoring","working","light","Controls fiber tension during thread production. Its dimensions and fittings match catalogued archive hardware and recovery equipment.","Maintaining its axis and tension produces repeatable thread suitable for later binding, repair, or fabrication; in ruins, its dimensions and fittings match catalogued archive hardware and recovery equipment. For this textile spindle, tier 5: can turn complete preparation into a decisive result; visible use can still reveal the bearer.","For this textile spindle, archivists value documented provenance more than surface condition; it controls fiber tension during thread production. Inspect shaft straightness, whorl balance, hook wear, surface drag, and consistency of a short test winding; museum-grade documentation and uncompromised construction; an archive bronze match supports a 73-unit guide price.","Textile spindle clue: its inventory number points toward a sealed collection or missing survey. Check shaft straightness, whorl balance, hook wear, surface drag, and consistency of a short test winding, then compare against archive recovery crews' archive bronze standard; matching wear supports the account, while fresh work points to a planted lead.","Textile spindle with numbered seals, oxidized metal, and geometric archive marks.","A bent shaft introduces a repeating weakness through the entire length of finished thread; in ruins, modifying a numbered fitting destroys evidence needed to verify provenance. At tier 5, this textile spindle can convert a successful operation into a major liability when archive recovery crews rely on it.","turned wood|spindle fitting","crafting|workshop-tool|epic|tier-5|ruins|archive-recovery-crews|finished|ancient|wood","29","2.5","73","1","ancient","Vaultmarked Spindle is rated epic and belongs to the textile spindle class associated with archive recovery crews for ruins use.","Textile spindle with numbered seals, oxidized metal, and geometric archive marks. Controls fiber tension during thread production. Its dimensions and fittings match catalogued archive hardware and recovery equipment.","Maintaining its axis and tension produces repeatable thread suitable for later binding, repair, or fabrication; in ruins, its dimensions and fittings match catalogued archive hardware and recovery equipment. For this textile spindle, tier 5: can turn complete preparation into a decisive result; visible use can still reveal the bearer.","73","0.5","premium-table-07"
"2.0.0","pitm-0304","itm-fam-004","Vaultmarked Bell","trinket","personal-object","epic","5","ruins","archive recovery crews","finished","metal|archive bronze","metal","focus","enchanting","delicate","tiny","Carries coded sound through poor visibility. Its geometric marks connect it to a catalogued chamber, collection, or ritual sequence.","Selecting and sounding a known cadence can warn, assemble, or redirect listeners when sight lines are poor; in ruins, its geometric marks connect it to a catalogued chamber, collection, or ritual sequence. For this signal bell, tier 5: can turn complete preparation into a decisive result; visible use can still reveal the bearer.","For this signal bell, archivists value documented provenance more than surface condition; it carries coded sound through poor visibility. Inspect clapper clearance, suspension wear, rim cracks, and whether the tone still matches its recorded signal; museum-grade documentation and uncompromised construction; an archive bronze match supports a 73-unit guide price.","Signal bell clue: its inventory number points toward a sealed collection or missing survey. Check clapper clearance, suspension wear, rim cracks, and whether the tone still matches its recorded signal, then compare against archive recovery crews' archive bronze standard; a consistent build links the clue to its source; mixed methods indicate tampering.","Signal bell with numbered seals, oxidized metal, and geometric archive marks.","A changed tone can transmit the wrong instruction or reveal that a supposedly authentic bell has been altered; in ruins, cleaning or re-engraving the marks can erase the sequence relationship. Signal bell consequence at tier 5: A fault can convert a successful operation into a major liability when archive recovery crews rely on it.","small fitting","trinket|personal-object|epic|tier-5|ruins|archive-recovery-crews|finished|ancient|metal|focus","29","2.5","73","3","ancient","Vaultmarked Bell is rated epic and belongs to the signal bell class associated with archive recovery crews for ruins use.","Signal bell with numbered seals, oxidized metal, and geometric archive marks. Carries coded sound through poor visibility. Its geometric marks connect it to a catalogued chamber, collection, or ritual sequence.","Selecting and sounding a known cadence can warn, assemble, or redirect listeners when sight lines are poor; in ruins, its geometric marks connect it to a catalogued chamber, collection, or ritual sequence. For this signal bell, tier 5: can turn complete preparation into a decisive result; visible use can still reveal the bearer.","73","0.1","premium-table-07"
"2.0.0","pitm-0394","itm-fam-044","Brassline Spindle","crafting","workshop-tool","common","1","urban","city trade houses","finished","wood|machined brass","wood","none","tailoring","working","light","Controls fiber tension during thread production. Its standardized fittings accept replacement parts from licensed city workshops.","Maintaining its axis and tension produces repeatable thread suitable for later binding, repair, or fabrication; in urban, its standardized fittings accept replacement parts from licensed city workshops. For this textile spindle, tier 1: handles one expected obstacle; new hazards remain outside its scope.","For this textile spindle, licensed shops offer reliable resale for complete maker-stamped pieces; it controls fiber tension during thread production. Inspect shaft straightness, whorl balance, hook wear, surface drag, and consistency of a short test winding; sound working condition; a machined brass match supports a 21-unit guide price.","Textile spindle clue: its maker plate links an object to a contract, buyer, or workshop ledger. Check shaft straightness, whorl balance, hook wear, surface drag, and consistency of a short test winding, then compare against city trade houses' machined brass standard; corroborate the claimed route only when construction and handling marks align.","Textile spindle with polished brass, stamped maker plates, and replaceable fittings.","A bent shaft introduces a repeating weakness through the entire length of finished thread; in urban, counterfeit parts fit well enough to hide dangerous weaknesses. For this textile spindle, tier 1 failure can be isolated before it affects the wider task; City trade houses encounter the fault in use.","turned wood|spindle fitting","crafting|workshop-tool|common|tier-1|urban|city-trade-houses|finished|ornate|wood","21","1","21","1","ornate","Brassline Spindle is rated common and belongs to the textile spindle class associated with city trade houses for urban use.","Textile spindle with polished brass, stamped maker plates, and replaceable fittings. Controls fiber tension during thread production. Its standardized fittings accept replacement parts from licensed city workshops.","Maintaining its axis and tension produces repeatable thread suitable for later binding, repair, or fabrication; in urban, its standardized fittings accept replacement parts from licensed city workshops. For this textile spindle, tier 1: handles one expected obstacle; new hazards remain outside its scope.","21","0.5","premium-table-08"
"2.0.0","pitm-0364","itm-fam-014","Brassline Compass","tool","field-tool","common","1","urban","city trade houses","finished","mechanical|machined brass","mechanical","none","smithing|woodcraft|survival|artifice","working","light","Establishes bearing under regional interference. Its standardized fittings accept replacement parts from licensed city workshops.","Comparing its bearing before and after regional interference can reveal drift, hidden influence, or a safer heading; in urban, its standardized fittings accept replacement parts from licensed city workshops. For this directional instrument, tier 1: handles one expected obstacle; new hazards remain outside its scope.","For this directional instrument, licensed shops offer reliable resale for complete maker-stamped pieces; it establishes bearing under regional interference. Inspect needle freedom, housing level, reference marks, and deviation against a known local bearing; sound working condition; a machined brass match supports a 43-unit guide price.","Directional instrument clue: its maker plate links an object to a contract, buyer, or workshop ledger. Check needle freedom, housing level, reference marks, and deviation against a known local bearing, then compare against city trade houses' machined brass standard; treat inconsistent workmanship as evidence that the trail was altered.","Directional instrument with polished brass, stamped maker plates, and replaceable fittings.","A sticky pivot can produce a convincing but consistently false route; in urban, counterfeit parts fit well enough to hide dangerous weaknesses. Directional instrument consequence at tier 1: A fault can be isolated before it affects the wider task when city trade houses rely on it.","tool component|binding material","tool|field-tool|common|tier-1|urban|city-trade-houses|finished|ornate|mechanical","43","1","43","1","ornate","Brassline Compass is rated common and belongs to the directional instrument class associated with city trade houses for urban use.","Directional instrument with polished brass, stamped maker plates, and replaceable fittings. Establishes bearing under regional interference. Its standardized fittings accept replacement parts from licensed city workshops.","Comparing its bearing before and after regional interference can reveal drift, hidden influence, or a safer heading; in urban, its standardized fittings accept replacement parts from licensed city workshops. For this directional instrument, tier 1: handles one expected obstacle; new hazards remain outside its scope.","43","0.5","premium-table-08"
"2.0.0","pitm-0385","itm-fam-035","Brassline Pipe","trade","personal-trade-good","uncommon","2","urban","city trade houses","finished","ceramic|machined brass","ceramic","none","","stable","medium","Serves as a compact trade and social object. It uses standardized packing and maker records that speed inspection in crowded markets.","Preparing and sharing it under local custom can open a social exchange or transmit a coded signal; in urban, it uses standardized packing and maker records that speed inspection in crowded markets. For this refined smoking or signal pipe, tier 2: converts one unknown into a visible compromise; unexpected opposition requires another plan.","For this refined smoking or signal pipe, licensed shops offer reliable resale for complete maker-stamped pieces; it serves as a compact trade and social object. Inspect bowl cracks, stem fit, residue layers, maker marks, and repairs that alter airflow; a complete specialist configuration; a machined brass match supports a 25-unit guide price.","Refined smoking or signal pipe clue: its maker plate links an object to a contract, buyer, or workshop ledger. Check bowl cracks, stem fit, residue layers, maker marks, and repairs that alter airflow, then compare against city trade houses' machined brass standard; construction evidence outranks testimony when the two disagree.","Refined smoking or signal pipe with polished brass, stamped maker plates, and replaceable fittings.","Foreign residue or a substituted stem can turn a familiar ritual into evidence of deception; in urban, missing paperwork triggers fees or a steep buyer discount. For this refined smoking or signal pipe, tier 2 failure forces a choice between repair and delay; City trade houses encounter the fault in use.","packing material","trade|personal-trade-good|uncommon|tier-2|urban|city-trade-houses|finished|ornate|ceramic","21","1.2","25","4","ornate","Brassline Pipe is rated uncommon and belongs to the refined smoking or signal pipe class associated with city trade houses for urban use.","Refined smoking or signal pipe with polished brass, stamped maker plates, and replaceable fittings. Serves as a compact trade and social object. It uses standardized packing and maker records that speed inspection in crowded markets.","Preparing and sharing it under local custom can open a social exchange or transmit a coded signal; in urban, it uses standardized packing and maker records that speed inspection in crowded markets. For this refined smoking or signal pipe, tier 2: converts one unknown into a visible compromise; unexpected opposition requires another plan.","25","1.5","premium-table-08"
"2.0.0","pitm-0380","itm-fam-030","Brassline Mask","wearable","wearable","uncommon","2","urban","city trade houses","finished","mixed|machined brass","mixed","none","tailoring|smithing","working","light","Conceals identity or filters a specific hazard. Its replaceable closures and maker-stamped panels support fast urban repair and resale.","Fitting it before exposure can conceal identity or filter one anticipated hazard, but not both equally; in urban, its replaceable closures and maker-stamped panels support fast urban repair and resale. For this identity or filter mask, tier 2: converts one unknown into a visible compromise; active danger still needs a separate answer.","For this identity or filter mask, licensed shops offer reliable resale for complete maker-stamped pieces; it conceals identity or filters a specific hazard. Inspect seal fit, strap elasticity, filter condition, interior residue, and sight-line alignment; a complete specialist configuration; a machined brass match supports a 42-unit guide price.","Identity or filter mask clue: its maker plate links an object to a contract, buyer, or workshop ledger. Check seal fit, strap elasticity, filter condition, interior residue, and sight-line alignment, then compare against city trade houses' machined brass standard; a mismatch suggests deliberate substitution; a match strengthens the origin claim.","Identity or filter mask with polished brass, stamped maker plates, and replaceable fittings.","A poor seal can preserve the appearance of protection while admitting the hazard at the edges; in urban, mixed workshop parts reduce warranty and collector value. Identity or filter mask consequence at tier 2: A fault forces a choice between repair and delay when city trade houses rely on it.","fastener|fabric or hide","wearable|uncommon|tier-2|urban|city-trade-houses|finished|ornate|mixed","35","1.2","42","1","ornate","Brassline Mask is rated uncommon and belongs to the identity or filter mask class associated with city trade houses for urban use.","Identity or filter mask with polished brass, stamped maker plates, and replaceable fittings. Conceals identity or filters a specific hazard. Its replaceable closures and maker-stamped panels support fast urban repair and resale.","Fitting it before exposure can conceal identity or filter one anticipated hazard, but not both equally; in urban, its replaceable closures and maker-stamped panels support fast urban repair and resale. For this identity or filter mask, tier 2: converts one unknown into a visible compromise; active danger still needs a separate answer.","42","0.5","premium-table-08"
"2.0.0","pitm-0356","itm-fam-006","Brassline Bone","material","raw-material","rare","3","urban","city trade houses","raw","organic|machined brass","organic","base|structure","alchemy|artifice|woodcraft|survival|tailoring","stable","light","Adds rigidity, memory, or alchemical calcium. It is cut or measured to a common workshop standard for predictable use and pricing.","Refining a selected section can contribute rigidity, stored memory, or reactive mineral to one compatible recipe; in urban, it is cut or measured to a common workshop standard for predictable use and pricing. For this treated structural bone, tier 3: supports repeated use during one contained operation; failure remains possible once the scene changes.","For this treated structural bone, licensed shops offer reliable resale for complete maker-stamped pieces; it adds rigidity, memory, or alchemical calcium. Inspect grain direction, old fractures, contamination, and whether treatment changed the expected density; consistent wear across every working surface; a machined brass match supports a 23-unit guide price.","Treated structural bone clue: its maker plate links an object to a contract, buyer, or workshop ledger. Check grain direction, old fractures, contamination, and whether treatment changed the expected density, then compare against city trade houses' machined brass standard; use the oldest intact surface to decide whether the claim is genuine.","Treated structural bone with polished brass, stamped maker plates, and replaceable fittings.","Hidden decay or cross-grain cutting can make the finished recipe brittle at the point of greatest load; in urban, off-standard substitutions can fail while appearing compatible. At tier 3, this treated structural bone can compromise the current scene under pressure when city trade houses rely on it.","","material|raw-material|rare|tier-3|urban|city-trade-houses|raw|ornate|organic|base|structure","15","1.55","23","20","ornate","Brassline Bone is rated rare and belongs to the treated structural bone class associated with city trade houses for urban use.","Treated structural bone with polished brass, stamped maker plates, and replaceable fittings. Adds rigidity, memory, or alchemical calcium. It is cut or measured to a common workshop standard for predictable use and pricing.","Refining a selected section can contribute rigidity, stored memory, or reactive mineral to one compatible recipe; in urban, it is cut or measured to a common workshop standard for predictable use and pricing. For this treated structural bone, tier 3: supports repeated use during one contained operation; failure remains possible once the scene changes.","23","0.5","premium-table-08"
"2.0.0","pitm-0391","itm-fam-041","Brassline Seal","quest","key-item","rare","3","urban","city trade houses","key-item","metal|machined brass","metal","none","","stable","tiny","Proves authority or secures a document or container. Its maker plate links authority or resonance to a contract, buyer, or registered workshop.","Applying it to the intended surface can authenticate authority or reveal whether a document or container was opened; in urban, its maker plate links authority or resonance to a contract, buyer, or registered workshop. For this authentication seal, tier 3: supports repeated use during one contained operation; its drawback applies as soon as preparation breaks down.","For this authentication seal, licensed shops offer reliable resale for complete maker-stamped pieces; it proves authority or secures a document or container. Inspect impression depth, material recipe, edge breaks, alignment, and residue from the original surface; consistent wear across every working surface; a machined brass match supports a 29-unit guide price.","Authentication seal clue: its maker plate links an object to a contract, buyer, or workshop ledger. Check impression depth, material recipe, edge breaks, alignment, and residue from the original surface, then compare against city trade houses' machined brass standard; matching wear supports the account, while fresh work points to a planted lead.","Authentication seal with polished brass, stamped maker plates, and replaceable fittings.","A lifted or reheated seal can imitate continuity while hiding unauthorized access; in urban, a convincing counterfeit plate can redirect suspicion toward an innocent shop. Authentication seal consequence at tier 3: A fault can compromise the current scene under pressure when city trade houses rely on it.","","quest|key-item|rare|tier-3|urban|city-trade-houses|ornate|metal","19","1.55","29","1","ornate","Brassline Seal is rated rare and belongs to the authentication seal class associated with city trade houses for urban use.","Authentication seal with polished brass, stamped maker plates, and replaceable fittings. Proves authority or secures a document or container. Its maker plate links authority or resonance to a contract, buyer, or registered workshop.","Applying it to the intended surface can authenticate authority or reveal whether a document or container was opened; in urban, its maker plate links authority or resonance to a contract, buyer, or registered workshop. For this authentication seal, tier 3: supports repeated use during one contained operation; its drawback applies as soon as preparation breaks down.","29","0.1","premium-table-08"
"2.0.0","pitm-0382","itm-fam-032","Brassline Orb","relic","arcane-focus","rare","4","urban","city trade houses","finished","crystal|machined brass","crystal","focus","enchanting|artifice","delicate","light","Stabilizes an observable magical resonance. Its maker plate links authority or resonance to a contract, buyer, or registered workshop.","Stabilizing it on a known reference lets observers compare one resonance, attunement, or supernatural disturbance; in urban, its maker plate links authority or resonance to a contract, buyer, or registered workshop. For this resonant focus orb, tier 4: connects several prepared steps into one operation; visible use can still reveal the bearer.","For this resonant focus orb, licensed shops offer reliable resale for complete maker-stamped pieces; it stabilizes an observable magical resonance. Inspect surface inclusions, mounting pressure, temperature change, internal clouding, and response to a control stimulus; rare materials supported by matching records; a machined brass match supports a 169-unit guide price.","Resonant focus orb clue: its maker plate links an object to a contract, buyer, or workshop ledger. Check surface inclusions, mounting pressure, temperature change, internal clouding, and response to a control stimulus, then compare against city trade houses' machined brass standard; use the oldest intact surface to decide whether the claim is genuine.","Resonant focus orb with polished brass, stamped maker plates, and replaceable fittings.","A preexisting resonance can masquerade as a new reading and implicate the wrong source; in urban, a convincing counterfeit plate can redirect suspicion toward an innocent shop. Resonant focus orb consequence at tier 4: A fault can undo a group objective after resources are committed when city trade houses rely on it.","focus fragment|inscribed fitting","relic|arcane-focus|rare|tier-4|urban|city-trade-houses|finished|ornate|crystal|focus","89","1.9","169","1","ornate","Brassline Orb is rated rare and belongs to the resonant focus orb class associated with city trade houses for urban use.","Resonant focus orb with polished brass, stamped maker plates, and replaceable fittings. Stabilizes an observable magical resonance. Its maker plate links authority or resonance to a contract, buyer, or registered workshop.","Stabilizing it on a known reference lets observers compare one resonance, attunement, or supernatural disturbance; in urban, its maker plate links authority or resonance to a contract, buyer, or registered workshop. For this resonant focus orb, tier 4: connects several prepared steps into one operation; visible use can still reveal the bearer.","169","0.5","premium-table-08"
"2.0.0","pitm-0367","itm-fam-017","Brassline Dagger","weapon","weapon","rare","4","urban","city trade houses","finished","metal|machined brass","metal","none","smithing","heavy","medium","Favors concealment and close control. Its standardized fittings accept replacement parts from licensed city workshops.","Its draw and grip can be prepared for concealment, close control, or a deliberate show of threat; in urban, its standardized fittings accept replacement parts from licensed city workshops. For this short thrusting weapon, tier 4: connects several prepared steps into one operation; the regional constraint still governs the result.","For this short thrusting weapon, licensed shops offer reliable resale for complete maker-stamped pieces; it favors concealment and close control. Inspect point alignment, edge damage, guard movement, sheath retention, and signs of a recently changed grip; rare materials supported by matching records; a machined brass match supports a 84-unit guide price.","Short thrusting weapon clue: its maker plate links an object to a contract, buyer, or workshop ledger. Check point alignment, edge damage, guard movement, sheath retention, and signs of a recently changed grip, then compare against city trade houses' machined brass standard; corroborate the claimed route only when construction and handling marks align.","Short thrusting weapon with polished brass, stamped maker plates, and replaceable fittings.","A loose guard or unreliable sheath makes concealment more dangerous to the bearer than the target; in urban, counterfeit parts fit well enough to hide dangerous weaknesses. City trade houses face this short thrusting weapon's tier-4 risk, which can undo a group objective after resources are committed.","metal component|grip material","weapon|rare|tier-4|urban|city-trade-houses|finished|ornate|metal","44","1.9","84","1","ornate","Brassline Dagger is rated rare and belongs to the short thrusting weapon class associated with city trade houses for urban use.","Short thrusting weapon with polished brass, stamped maker plates, and replaceable fittings. Favors concealment and close control. Its standardized fittings accept replacement parts from licensed city workshops.","Its draw and grip can be prepared for concealment, close control, or a deliberate show of threat; in urban, its standardized fittings accept replacement parts from licensed city workshops. For this short thrusting weapon, tier 4: connects several prepared steps into one operation; the regional constraint still governs the result.","84","1.5","premium-table-08"
"2.0.0","pitm-0358","itm-fam-008","Brassline Bottle","consumable","prepared-consumable","epic","5","urban","city trade houses","consumable","glass|machined brass","glass","none","alchemy|cooking","fragile","light","Stores a measured single-use liquid. Its measured package carries a batch stamp and tamper mark recognized by city vendors.","Its measured seal preserves one liquid dose and makes unauthorized opening easier to detect; in urban, its measured package carries a batch stamp and tamper mark recognized by city vendors. For this sealed prepared draught, tier 5: can decide a major objective when every condition is met; success depends on maintaining the prepared conditions.","For this sealed prepared draught, licensed shops offer reliable resale for complete maker-stamped pieces; it stores a measured single-use liquid. Inspect seal continuity, glass clouding, stopper fit, fill level, and residue around the neck; a complete provenance record for a singular example; a machined brass match supports a 58-unit guide price.","Sealed prepared draught clue: its maker plate links an object to a contract, buyer, or workshop ledger. Check seal continuity, glass clouding, stopper fit, fill level, and residue around the neck, then compare against city trade houses' machined brass standard; construction evidence outranks testimony when the two disagree.","Sealed prepared draught with polished brass, stamped maker plates, and replaceable fittings.","A hairline crack or reseated stopper can preserve the appearance of safety after the contents are compromised; in urban, an unreadable batch stamp makes the contents difficult to resell. City trade houses face this sealed prepared draught's tier-5 risk, which may transfer control of the objective to a rival.","container","consumable|prepared-consumable|epic|tier-5|urban|city-trade-houses|ornate|glass","23","2.5","58","6","ornate","Brassline Bottle is rated epic and belongs to the sealed prepared draught class associated with city trade houses for urban use.","Sealed prepared draught with polished brass, stamped maker plates, and replaceable fittings. Stores a measured single-use liquid. Its measured package carries a batch stamp and tamper mark recognized by city vendors.","Its measured seal preserves one liquid dose and makes unauthorized opening easier to detect; in urban, its measured package carries a batch stamp and tamper mark recognized by city vendors. For this sealed prepared draught, tier 5: can decide a major objective when every condition is met; success depends on maintaining the prepared conditions.","58","0.5","premium-table-08"
"2.0.0","pitm-0368","itm-fam-018","Brassline Drum","trinket","personal-object","epic","5","urban","city trade houses","finished","hide|machined brass","hide","focus","enchanting","delicate","tiny","Coordinates groups through rhythm. Its maker plate links authority or resonance to a contract, buyer, or registered workshop.","A rehearsed rhythm can synchronize movement, work, warning, or ceremony across a group; in urban, its maker plate links authority or resonance to a contract, buyer, or registered workshop. For this portable signal drum, tier 5: can decide a major objective when every condition is met; success depends on maintaining the prepared conditions.","For this portable signal drum, licensed shops offer reliable resale for complete maker-stamped pieces; it coordinates groups through rhythm. Inspect head tension, frame cracks, lacing order, moisture, and whether the tone matches the intended cadence; a complete provenance record for a singular example; a machined brass match supports a 90-unit guide price.","Portable signal drum clue: its maker plate links an object to a contract, buyer, or workshop ledger. Check head tension, frame cracks, lacing order, moisture, and whether the tone matches the intended cadence, then compare against city trade houses' machined brass standard; matching wear supports the account, while fresh work points to a planted lead.","Portable signal drum with polished brass, stamped maker plates, and replaceable fittings.","Uneven tension distorts the rhythm enough to split a coordinated response; in urban, a convincing counterfeit plate can redirect suspicion toward an innocent shop. This portable signal drum's tier-5 fault may transfer control of the objective to a rival; City trade houses recognize its machined brass construction.","small fitting","trinket|personal-object|epic|tier-5|urban|city-trade-houses|finished|ornate|hide|focus","36","2.5","90","3","ornate","Brassline Drum is rated epic and belongs to the portable signal drum class associated with city trade houses for urban use.","Portable signal drum with polished brass, stamped maker plates, and replaceable fittings. Coordinates groups through rhythm. Its maker plate links authority or resonance to a contract, buyer, or registered workshop.","A rehearsed rhythm can synchronize movement, work, warning, or ceremony across a group; in urban, its maker plate links authority or resonance to a contract, buyer, or registered workshop. For this portable signal drum, tier 5: can decide a major objective when every condition is met; success depends on maintaining the prepared conditions.","90","0.1","premium-table-08"
"2.0.0","pitm-0443","itm-fam-043","Riverworn Shell","material","raw-material","common","1","river","ferry leagues","raw","organic|water-seasoned hardwood","organic","structure|finish","artifice|survival|woodcraft|tailoring|smithing","stable","light","Provides lightweight armor or alchemical mineral. It is bundled or seasoned so wet handling does not change its measured working property.","Cutting and orienting it correctly can provide lightweight structure, finish, armor, or mineral reagent; in river, it is bundled or seasoned so wet handling does not change its measured working property. For this treated protective shell, tier 1: settles one ordinary field problem; unexpected opposition requires another plan.","For this treated protective shell, ferry leagues trade these along navigable routes; it provides lightweight armor or alchemical mineral. Inspect layer separation, edge chalking, bore damage, contamination, and whether the natural curve matches the task; documented everyday use; a water-seasoned hardwood match supports a 13-unit guide price.","Treated protective shell clue: its braid pattern identifies a ferry, crossing, or river settlement. Check layer separation, edge chalking, bore damage, contamination, and whether the natural curve matches the task, then compare against ferry leagues' water-seasoned hardwood standard; matching wear supports the account, while fresh work points to a planted lead.","Treated protective shell with smooth hardwood, braided line, and water-darkened edges.","A hidden delamination spreads rapidly once the shell is drilled, heated, or loaded; in river, extended dry storage can make the material brittle or undersized. Ferry leagues face this treated protective shell's tier-1 risk, which usually gives a visible warning before unsafe use.","","material|raw-material|common|tier-1|river|ferry-leagues|raw|weathered|organic|structure|finish","13","1","13","20","weathered","Riverworn Shell is rated common and belongs to the treated protective shell class associated with ferry leagues for river use.","Treated protective shell with smooth hardwood, braided line, and water-darkened edges. Provides lightweight armor or alchemical mineral. It is bundled or seasoned so wet handling does not change its measured working property.","Cutting and orienting it correctly can provide lightweight structure, finish, armor, or mineral reagent; in river, it is bundled or seasoned so wet handling does not change its measured working property. For this treated protective shell, tier 1: settles one ordinary field problem; unexpected opposition requires another plan.","13","0.5","premium-table-09"
"2.0.0","pitm-0403","itm-fam-003","Riverworn Band","wearable","wearable","common","1","river","ferry leagues","finished","metal|water-seasoned hardwood","metal","none","tailoring|smithing","working","light","Marks rank while reinforcing a joint or grip. Its braided closures stay secure when wet and release quickly during an emergency.","Cinching it before strain can reinforce one joint or make a rank signal visible during a demanding task; in river, its braided closures stay secure when wet and release quickly during an emergency. For this fitted wrist or arm band, tier 1: settles one ordinary field problem; unexpected opposition requires another plan.","For this fitted wrist or arm band, ferry leagues trade these along navigable routes; it marks rank while reinforcing a joint or grip. Inspect fit, edge deformation, fastening tension, and wear around any rank mark; documented everyday use; a water-seasoned hardwood match supports a 28-unit guide price.","Fitted wrist or arm band clue: its braid pattern identifies a ferry, crossing, or river settlement. Check fit, edge deformation, fastening tension, and wear around any rank mark, then compare against ferry leagues' water-seasoned hardwood standard; a consistent build links the clue to its source; mixed methods indicate tampering.","Fitted wrist or arm band with smooth hardwood, braided line, and water-darkened edges.","An overtight fit restricts movement, while a loosened fastening defeats both support and identification; in river, dried river silt abrades the braid from inside. This fitted wrist or arm band's tier-1 fault usually gives a visible warning before unsafe use; Ferry leagues recognize its water-seasoned hardwood construction.","fastener|fabric or hide","wearable|common|tier-1|river|ferry-leagues|finished|weathered|metal","28","1","28","1","weathered","Riverworn Band is rated common and belongs to the fitted wrist or arm band class associated with ferry leagues for river use.","Fitted wrist or arm band with smooth hardwood, braided line, and water-darkened edges. Marks rank while reinforcing a joint or grip. Its braided closures stay secure when wet and release quickly during an emergency.","Cinching it before strain can reinforce one joint or make a rank signal visible during a demanding task; in river, its braided closures stay secure when wet and release quickly during an emergency. For this fitted wrist or arm band, tier 1: settles one ordinary field problem; unexpected opposition requires another plan.","28","0.5","premium-table-09"
"2.0.0","pitm-0419","itm-fam-019","Riverworn Flask","consumable","prepared-consumable","uncommon","2","river","ferry leagues","consumable","glass|water-seasoned hardwood","glass","none","alchemy|cooking","fragile","light","Protects a prepared consumable during travel. Its buoyant, water-resistant package can be recovered after a spill overboard.","Its reinforced body protects one prepared dose until the bearer chooses a clear trigger and duration for use; in river, its buoyant, water-resistant package can be recovered after a spill overboard. For this reinforced field draught, tier 2: turns one risky procedure into two deliberate options; its drawback applies as soon as preparation breaks down.","For this reinforced field draught, ferry leagues trade these along navigable routes; it protects a prepared consumable during travel. Inspect cap lock, body dents, inner lining, dose separation, and residue around the drinking edge; field repairs consistent with its claimed route; a water-seasoned hardwood match supports a 24-unit guide price.","Reinforced field draught clue: its braid pattern identifies a ferry, crossing, or river settlement. Check cap lock, body dents, inner lining, dose separation, and residue around the drinking edge, then compare against ferry leagues' water-seasoned hardwood standard; matching wear supports the account, while fresh work points to a planted lead.","Reinforced field draught with smooth hardwood, braided line, and water-darkened edges.","Impact can damage the lining without spilling, leaving a contaminated dose inside an intact shell; in river, a cracked outer case may float while the contents are already contaminated. This reinforced field draught's tier-2 fault costs time, material, or discretion when inspection is skipped; Ferry leagues recognize its water-seasoned hardwood construction.","container","consumable|prepared-consumable|uncommon|tier-2|river|ferry-leagues|weathered|glass","20","1.2","24","6","weathered","Riverworn Flask is rated uncommon and belongs to the reinforced field draught class associated with ferry leagues for river use.","Reinforced field draught with smooth hardwood, braided line, and water-darkened edges. Protects a prepared consumable during travel. Its buoyant, water-resistant package can be recovered after a spill overboard.","Its reinforced body protects one prepared dose until the bearer chooses a clear trigger and duration for use; in river, its buoyant, water-resistant package can be recovered after a spill overboard. For this reinforced field draught, tier 2: turns one risky procedure into two deliberate options; its drawback applies as soon as preparation breaks down.","24","0.5","premium-table-09"
"2.0.0","pitm-0444","itm-fam-044","Riverworn Spindle","crafting","workshop-tool","uncommon","2","river","ferry leagues","finished","wood|water-seasoned hardwood","wood","none","tailoring","working","light","Controls fiber tension during thread production. Its secure grips and low profile remain manageable on moving decks and wet landings.","Maintaining its axis and tension produces repeatable thread suitable for later binding, repair, or fabrication; in river, its secure grips and low profile remain manageable on moving decks and wet landings. For this textile spindle, tier 2: turns one risky procedure into two deliberate options; failure remains possible once the scene changes.","For this textile spindle, ferry leagues trade these along navigable routes; it controls fiber tension during thread production. Inspect shaft straightness, whorl balance, hook wear, surface drag, and consistency of a short test winding; field repairs consistent with its claimed route; a water-seasoned hardwood match supports a 28-unit guide price.","Textile spindle clue: its braid pattern identifies a ferry, crossing, or river settlement. Check shaft straightness, whorl balance, hook wear, surface drag, and consistency of a short test winding, then compare against ferry leagues' water-seasoned hardwood standard; corroborate the claimed route only when construction and handling marks align.","Textile spindle with smooth hardwood, braided line, and water-darkened edges.","A bent shaft introduces a repeating weakness through the entire length of finished thread; in river, water-seasoned parts can shrink or loosen during long dry storage. This textile spindle's tier-2 fault costs time, material, or discretion when inspection is skipped; Ferry leagues recognize its water-seasoned hardwood construction.","turned wood|spindle fitting","crafting|workshop-tool|uncommon|tier-2|river|ferry-leagues|finished|weathered|wood","23","1.2","28","1","weathered","Riverworn Spindle is rated uncommon and belongs to the textile spindle class associated with ferry leagues for river use.","Textile spindle with smooth hardwood, braided line, and water-darkened edges. Controls fiber tension during thread production. Its secure grips and low profile remain manageable on moving decks and wet landings.","Maintaining its axis and tension produces repeatable thread suitable for later binding, repair, or fabrication; in river, its secure grips and low profile remain manageable on moving decks and wet landings. For this textile spindle, tier 2: turns one risky procedure into two deliberate options; failure remains possible once the scene changes.","28","0.5","premium-table-09"
"2.0.0","pitm-0425","itm-fam-025","Riverworn Key","quest","key-item","rare","3","river","ferry leagues","key-item","metal|water-seasoned hardwood","metal","none","","stable","tiny","Opens or authenticates one linked mechanism. Its braid or water-darkened mark identifies a ferry league, crossing, or river settlement.","Matching its coded surfaces to the linked mechanism can open access or prove that the bearer controls an authorized copy; in river, its braid or water-darkened mark identifies a ferry league, crossing, or river settlement. For this coded access key, tier 3: keeps the intended benefit stable for an extended task; the regional constraint still governs the result.","For this coded access key, ferry leagues trade these along navigable routes; it opens or authenticates one linked mechanism. Inspect tooth wear, shaft straightness, code marks, repair seams, and residue from the intended lock; intact operational details plus an origin record; a water-seasoned hardwood match supports a 26-unit guide price.","Coded access key clue: its braid pattern identifies a ferry, crossing, or river settlement. Check tooth wear, shaft straightness, code marks, repair seams, and residue from the intended lock, then compare against ferry leagues' water-seasoned hardwood standard; separate ordinary repair from deliberate alteration before trusting the clue.","Coded access key with smooth hardwood, braided line, and water-darkened edges.","A near-copy can enter the mechanism yet jam before completing authentication; in river, replacing the braid removes the most reliable sign of origin. Ferry leagues face this coded access key's tier-3 risk, which may force the group to abandon its immediate advantage.","","quest|key-item|rare|tier-3|river|ferry-leagues|weathered|metal","17","1.55","26","1","weathered","Riverworn Key is rated rare and belongs to the coded access key class associated with ferry leagues for river use.","Coded access key with smooth hardwood, braided line, and water-darkened edges. Opens or authenticates one linked mechanism. Its braid or water-darkened mark identifies a ferry league, crossing, or river settlement.","Matching its coded surfaces to the linked mechanism can open access or prove that the bearer controls an authorized copy; in river, its braid or water-darkened mark identifies a ferry league, crossing, or river settlement. For this coded access key, tier 3: keeps the intended benefit stable for an extended task; the regional constraint still governs the result.","26","0.1","premium-table-09"
"2.0.0","pitm-0415","itm-fam-015","Riverworn Crown","relic","arcane-focus","rare","3","river","ferry leagues","finished","metal|water-seasoned hardwood","metal","focus","enchanting|artifice","delicate","light","Embodies authority, succession, or ritual claim. Its braid or water-darkened mark identifies a ferry league, crossing, or river settlement.","Wearing or presenting it before witnesses can force a question of authority, succession, or ritual standing into the open; in river, its braid or water-darkened mark identifies a ferry league, crossing, or river settlement. For this ceremonial headpiece, tier 3: keeps the intended benefit stable for an extended task; the regional constraint still governs the result.","For this ceremonial headpiece, ferry leagues trade these along navigable routes; it embodies authority, succession, or ritual claim. Inspect fit, missing settings, repaired breaks, heraldic order, and evidence that the inner band matches the claimant; intact operational details plus an origin record; a water-seasoned hardwood match supports a 166-unit guide price.","Ceremonial headpiece clue: its braid pattern identifies a ferry, crossing, or river settlement. Check fit, missing settings, repaired breaks, heraldic order, and evidence that the inner band matches the claimant, then compare against ferry leagues' water-seasoned hardwood standard; treat inconsistent workmanship as evidence that the trail was altered.","Ceremonial headpiece with smooth hardwood, braided line, and water-darkened edges.","A false repair or displaced emblem can convert a claim of authority into a public challenge; in river, replacing the braid removes the most reliable sign of origin. Ceremonial headpiece consequence at tier 3: A fault may force the group to abandon its immediate advantage when ferry leagues rely on it.","focus fragment|inscribed fitting","relic|arcane-focus|rare|tier-3|river|ferry-leagues|finished|weathered|metal|focus","107","1.55","166","1","weathered","Riverworn Crown is rated rare and belongs to the ceremonial headpiece class associated with ferry leagues for river use.","Ceremonial headpiece with smooth hardwood, braided line, and water-darkened edges. Embodies authority, succession, or ritual claim. Its braid or water-darkened mark identifies a ferry league, crossing, or river settlement.","Wearing or presenting it before witnesses can force a question of authority, succession, or ritual standing into the open; in river, its braid or water-darkened mark identifies a ferry league, crossing, or river settlement. For this ceremonial headpiece, tier 3: keeps the intended benefit stable for an extended task; the regional constraint still governs the result.","166","0.5","premium-table-09"
"2.0.0","pitm-0416","itm-fam-016","Riverworn Cup","trade","ceremonial-vessel","rare","4","river","ferry leagues","finished","ceramic|water-seasoned hardwood","ceramic","none","","stable","medium","Moves as a valued household or ceremonial good. It is packed for repeated loading between ferries, barges, and riverside markets.","Using it in a formal exchange can reveal hospitality, rank, taboo, or whether participants recognize the same custom; in river, it is packed for repeated loading between ferries, barges, and riverside markets. For this refined drinking vessel, tier 4: supports a coordinated group objective; success depends on maintaining the prepared conditions.","For this refined drinking vessel, ferry leagues trade these along navigable routes; it moves as a valued household or ceremonial good. Inspect rim wear, glaze repairs, maker marks, residue, and whether paired ceremonial details remain intact; limited workshop output and intact specialist details; a water-seasoned hardwood match supports a 46-unit guide price.","Refined drinking vessel clue: its braid pattern identifies a ferry, crossing, or river settlement. Check rim wear, glaze repairs, maker marks, residue, and whether paired ceremonial details remain intact, then compare against ferry leagues' water-seasoned hardwood standard; matching wear supports the account, while fresh work points to a planted lead.","Refined drinking vessel with smooth hardwood, braided line, and water-darkened edges.","An unnoticed repair or contaminant can turn a trust-building ritual into an insult or accusation; in river, the compact river bundle is awkward for wagon transport. At tier 4, this refined drinking vessel may carry a hidden fault into the next stage when ferry leagues rely on it.","packing material","trade|ceremonial-vessel|rare|tier-4|river|ferry-leagues|finished|weathered|ceramic","24","1.9","46","4","weathered","Riverworn Cup is rated rare and belongs to the refined drinking vessel class associated with ferry leagues for river use.","Refined drinking vessel with smooth hardwood, braided line, and water-darkened edges. Moves as a valued household or ceremonial good. It is packed for repeated loading between ferries, barges, and riverside markets.","Using it in a formal exchange can reveal hospitality, rank, taboo, or whether participants recognize the same custom; in river, it is packed for repeated loading between ferries, barges, and riverside markets. For this refined drinking vessel, tier 4: supports a coordinated group objective; success depends on maintaining the prepared conditions.","46","1.5","premium-table-09"
"2.0.0","pitm-0411","itm-fam-011","Riverworn Charm","trinket","personal-object","rare","4","river","ferry leagues","finished","mixed|water-seasoned hardwood","mixed","focus","enchanting","delicate","tiny","Carries a compact ward or social signal. Its braid or water-darkened mark identifies a ferry league, crossing, or river settlement.","Presenting or invoking it at the agreed moment can establish a compact social signal, memory, or narrow ward; in river, its braid or water-darkened mark identifies a ferry league, crossing, or river settlement. For this pocket charm, tier 4: supports a coordinated group objective; careless use immediately exposes the operator.","For this pocket charm, ferry leagues trade these along navigable routes; it carries a compact ward or social signal. Inspect cord wear, inscription order, handling polish, and whether its enclosed token matches the claimed origin; limited workshop output and intact specialist details; a water-seasoned hardwood match supports a 51-unit guide price.","Pocket charm clue: its braid pattern identifies a ferry, crossing, or river settlement. Check cord wear, inscription order, handling polish, and whether its enclosed token matches the claimed origin, then compare against ferry leagues' water-seasoned hardwood standard; agreement across fittings and wear makes the lead credible; one modern repair does not.","Pocket charm with smooth hardwood, braided line, and water-darkened edges.","A copied inscription without the correct wear pattern can provoke suspicion instead of recognition; in river, replacing the braid removes the most reliable sign of origin. Ferry leagues face this pocket charm's tier-4 risk, which may carry a hidden fault into the next stage.","small fitting","trinket|personal-object|rare|tier-4|river|ferry-leagues|finished|weathered|mixed|focus","27","1.9","51","3","weathered","Riverworn Charm is rated rare and belongs to the pocket charm class associated with ferry leagues for river use.","Pocket charm with smooth hardwood, braided line, and water-darkened edges. Carries a compact ward or social signal. Its braid or water-darkened mark identifies a ferry league, crossing, or river settlement.","Presenting or invoking it at the agreed moment can establish a compact social signal, memory, or narrow ward; in river, its braid or water-darkened mark identifies a ferry league, crossing, or river settlement. For this pocket charm, tier 4: supports a coordinated group objective; careless use immediately exposes the operator.","51","0.1","premium-table-09"
"2.0.0","pitm-0412","itm-fam-012","Riverworn Chisel","tool","field-tool","epic","5","river","ferry leagues","finished","metal|water-seasoned hardwood","metal","none","smithing|woodcraft|survival|artifice","working","light","Shapes stone, wood, or soft metal precisely. Its secure grips and low profile remain manageable on moving decks and wet landings.","Setting its angle before the strike creates a controlled cut, fracture, or maker mark in a chosen surface; in river, its secure grips and low profile remain manageable on moving decks and wet landings. For this cutting chisel, tier 5: can resolve the central objective when used without error; the item cannot replace situational judgment.","For this cutting chisel, ferry leagues trade these along navigable routes; it shapes stone, wood, or soft metal precisely. Inspect edge angle, mushrooming at the struck end, shaft straightness, and chips along the working face; exceptional condition supported by formal scrutiny; a water-seasoned hardwood match supports a 78-unit guide price.","Cutting chisel clue: its braid pattern identifies a ferry, crossing, or river settlement. Check edge angle, mushrooming at the struck end, shaft straightness, and chips along the working face, then compare against ferry leagues' water-seasoned hardwood standard; treat inconsistent workmanship as evidence that the trail was altered.","Cutting chisel with smooth hardwood, braided line, and water-darkened edges.","A damaged edge redirects the next strike and can destroy the detail or fracture line being established; in river, water-seasoned parts can shrink or loosen during long dry storage. This cutting chisel's tier-5 fault can turn decisive use into evidence against the group; Ferry leagues recognize its water-seasoned hardwood construction.","tool component|binding material","tool|field-tool|epic|tier-5|river|ferry-leagues|finished|weathered|metal","31","2.5","78","1","weathered","Riverworn Chisel is rated epic and belongs to the cutting chisel class associated with ferry leagues for river use.","Cutting chisel with smooth hardwood, braided line, and water-darkened edges. Shapes stone, wood, or soft metal precisely. Its secure grips and low profile remain manageable on moving decks and wet landings.","Setting its angle before the strike creates a controlled cut, fracture, or maker mark in a chosen surface; in river, its secure grips and low profile remain manageable on moving decks and wet landings. For this cutting chisel, tier 5: can resolve the central objective when used without error; the item cannot replace situational judgment.","78","0.5","premium-table-09"
"2.0.0","pitm-0417","itm-fam-017","Riverworn Dagger","weapon","weapon","epic","5","river","ferry leagues","finished","metal|water-seasoned hardwood","metal","none","smithing","heavy","medium","Favors concealment and close control. Its secure grips and low profile remain manageable on moving decks and wet landings.","Its draw and grip can be prepared for concealment, close control, or a deliberate show of threat; in river, its secure grips and low profile remain manageable on moving decks and wet landings. For this short thrusting weapon, tier 5: can resolve the central objective when used without error; new hazards remain outside its scope.","For this short thrusting weapon, ferry leagues trade these along navigable routes; it favors concealment and close control. Inspect point alignment, edge damage, guard movement, sheath retention, and signs of a recently changed grip; exceptional condition supported by formal scrutiny; a water-seasoned hardwood match supports a 115-unit guide price.","Short thrusting weapon clue: its braid pattern identifies a ferry, crossing, or river settlement. Check point alignment, edge damage, guard movement, sheath retention, and signs of a recently changed grip, then compare against ferry leagues' water-seasoned hardwood standard; corroborate the claimed route only when construction and handling marks align.","Short thrusting weapon with smooth hardwood, braided line, and water-darkened edges.","A loose guard or unreliable sheath makes concealment more dangerous to the bearer than the target; in river, water-seasoned parts can shrink or loosen during long dry storage. Short thrusting weapon consequence at tier 5: A fault can turn decisive use into evidence against the group when ferry leagues rely on it.","metal component|grip material","weapon|epic|tier-5|river|ferry-leagues|finished|weathered|metal","46","2.5","115","1","weathered","Riverworn Dagger is rated epic and belongs to the short thrusting weapon class associated with ferry leagues for river use.","Short thrusting weapon with smooth hardwood, braided line, and water-darkened edges. Favors concealment and close control. Its secure grips and low profile remain manageable on moving decks and wet landings.","Its draw and grip can be prepared for concealment, close control, or a deliberate show of threat; in river, its secure grips and low profile remain manageable on moving decks and wet landings. For this short thrusting weapon, tier 5: can resolve the central objective when used without error; new hazards remain outside its scope.","115","1.5","premium-table-09"
"2.0.0","pitm-0492","itm-fam-042","Deepdelve Shard","material","raw-material","common","1","underground","lower-gallery crews","raw","mineral|low-glare steel","mineral","active|catalyst|conductor|structure","alchemy|enchanting|artifice|smithing","stable","tiny","Acts as a cutting edge, catalyst, or conductive crystal. It is graded for low-dust handling and stable storage in cool, confined galleries.","Choosing its edge, crystal direction, or reactive face can supply cutting, catalytic, conductive, or structural value; in underground, it is graded for low-dust handling and stable storage in cool, confined galleries. For this refined mineral shard, tier 1: prevents one common preparation delay; failure remains possible once the scene changes.","For this refined mineral shard, lower-gallery crews hoard dependable equipment between supply runs; it acts as a cutting edge, catalyst, or conductive crystal. Inspect fracture direction, inclusions, edge freshness, contamination, and response to a small control test; complete basic fittings; a low-glare steel match supports a 23-unit guide price.","Refined mineral shard clue: its pigment stripe records a tunnel district or abandoned work crew. Check fracture direction, inclusions, edge freshness, contamination, and response to a small control test, then compare against lower-gallery crews' low-glare steel standard; corroborate the claimed route only when construction and handling marks align.","Refined mineral shard with low-glare finishes, mineral pigment, and reinforced corners.","An unseen inclusion can redirect a fracture or destabilize the recipe receiving it; in underground, surface heat or open air can change the property preserved underground. At tier 1, this refined mineral shard appears early enough for a field repair when lower-gallery crews rely on it.","","material|raw-material|common|tier-1|underground|lower-gallery-crews|raw|ominous|mineral|active|catalyst|conductor|structure","23","1","23","20","ominous","Deepdelve Shard is rated common and belongs to the refined mineral shard class associated with lower-gallery crews for underground use.","Refined mineral shard with low-glare finishes, mineral pigment, and reinforced corners. Acts as a cutting edge, catalyst, or conductive crystal. It is graded for low-dust handling and stable storage in cool, confined galleries.","Choosing its edge, crystal direction, or reactive face can supply cutting, catalytic, conductive, or structural value; in underground, it is graded for low-dust handling and stable storage in cool, confined galleries. For this refined mineral shard, tier 1: prevents one common preparation delay; failure remains possible once the scene changes.","23","0.1","premium-table-10"
"2.0.0","pitm-0467","itm-fam-017","Deepdelve Dagger","weapon","weapon","common","1","underground","lower-gallery crews","finished","metal|low-glare steel","metal","none","smithing","heavy","medium","Favors concealment and close control. Its low-glare surfaces and reinforced corners suit cramped passages and close work.","Its draw and grip can be prepared for concealment, close control, or a deliberate show of threat; in underground, its low-glare surfaces and reinforced corners suit cramped passages and close work. For this short thrusting weapon, tier 1: prevents one common preparation delay; its drawback applies as soon as preparation breaks down.","For this short thrusting weapon, lower-gallery crews hoard dependable equipment between supply runs; it favors concealment and close control. Inspect point alignment, edge damage, guard movement, sheath retention, and signs of a recently changed grip; complete basic fittings; a low-glare steel match supports a 38-unit guide price.","Short thrusting weapon clue: its pigment stripe records a tunnel district or abandoned work crew. Check point alignment, edge damage, guard movement, sheath retention, and signs of a recently changed grip, then compare against lower-gallery crews' low-glare steel standard; matching wear supports the account, while fresh work points to a planted lead.","Short thrusting weapon with low-glare finishes, mineral pigment, and reinforced corners.","A loose guard or unreliable sheath makes concealment more dangerous to the bearer than the target; in underground, surface light makes its dark calibration marks difficult to read. At tier 1, this short thrusting weapon appears early enough for a field repair when lower-gallery crews rely on it.","metal component|grip material","weapon|common|tier-1|underground|lower-gallery-crews|finished|ominous|metal","38","1","38","1","ominous","Deepdelve Dagger is rated common and belongs to the short thrusting weapon class associated with lower-gallery crews for underground use.","Short thrusting weapon with low-glare finishes, mineral pigment, and reinforced corners. Favors concealment and close control. Its low-glare surfaces and reinforced corners suit cramped passages and close work.","Its draw and grip can be prepared for concealment, close control, or a deliberate show of threat; in underground, its low-glare surfaces and reinforced corners suit cramped passages and close work. For this short thrusting weapon, tier 1: prevents one common preparation delay; its drawback applies as soon as preparation breaks down.","38","1.5","premium-table-10"
"2.0.0","pitm-0458","itm-fam-008","Deepdelve Bottle","consumable","prepared-consumable","uncommon","2","underground","lower-gallery crews","consumable","glass|low-glare steel","glass","none","alchemy|cooking","fragile","light","Stores a measured single-use liquid. Its tactile marks and shielded container permit safe identification in poor light.","Its measured seal preserves one liquid dose and makes unauthorized opening easier to detect; in underground, its tactile marks and shielded container permit safe identification in poor light. For this sealed prepared draught, tier 2: lets the operator trade speed for discretion; visible use can still reveal the bearer.","For this sealed prepared draught, lower-gallery crews hoard dependable equipment between supply runs; it stores a measured single-use liquid. Inspect seal continuity, glass clouding, stopper fit, fill level, and residue around the neck; an intact maker detail and usable finish; a low-glare steel match supports a 20-unit guide price.","Sealed prepared draught clue: its pigment stripe records a tunnel district or abandoned work crew. Check seal continuity, glass clouding, stopper fit, fill level, and residue around the neck, then compare against lower-gallery crews' low-glare steel standard; use the oldest intact surface to decide whether the claim is genuine.","Sealed prepared draught with low-glare finishes, mineral pigment, and reinforced corners.","A hairline crack or reseated stopper can preserve the appearance of safety after the contents are compromised; in underground, similar tactile marks become dangerous if dirt fills their grooves. At tier 2, this sealed prepared draught can consume a limited spare or a quiet approach when lower-gallery crews rely on it.","container","consumable|prepared-consumable|uncommon|tier-2|underground|lower-gallery-crews|ominous|glass","17","1.2","20","6","ominous","Deepdelve Bottle is rated uncommon and belongs to the sealed prepared draught class associated with lower-gallery crews for underground use.","Sealed prepared draught with low-glare finishes, mineral pigment, and reinforced corners. Stores a measured single-use liquid. Its tactile marks and shielded container permit safe identification in poor light.","Its measured seal preserves one liquid dose and makes unauthorized opening easier to detect; in underground, its tactile marks and shielded container permit safe identification in poor light. For this sealed prepared draught, tier 2: lets the operator trade speed for discretion; visible use can still reveal the bearer.","20","0.5","premium-table-10"
"2.0.0","pitm-0488","itm-fam-038","Deepdelve Rod","relic","arcane-focus","uncommon","2","underground","lower-gallery crews","finished","wood|low-glare steel","wood","focus","enchanting|artifice","delicate","light","Directs force or resonance along a stable axis. Its mineral pigment can be read under low light and associates it with a tunnel district or crew.","Aligning its axis before use directs force or resonance along a controlled line toward one chosen target; in underground, its mineral pigment can be read under low light and associates it with a tunnel district or crew. For this channeling rod, tier 2: lets the operator trade speed for discretion; visible use can still reveal the bearer.","For this channeling rod, lower-gallery crews hoard dependable equipment between supply runs; it directs force or resonance along a stable axis. Inspect straightness, end fittings, grip orientation, surface scoring, and response along the full axis; an intact maker detail and usable finish; a low-glare steel match supports a 84-unit guide price.","Channeling rod clue: its pigment stripe records a tunnel district or abandoned work crew. Check straightness, end fittings, grip orientation, surface scoring, and response along the full axis, then compare against lower-gallery crews' low-glare steel standard; agreement across fittings and wear makes the lead credible; one modern repair does not.","Channeling rod with low-glare finishes, mineral pigment, and reinforced corners.","A slight bend redirects the output far enough to endanger an adjacent target; in underground, bright surface light washes out the distinctions between pigment marks. This channeling rod's tier-2 fault can consume a limited spare or a quiet approach; Lower-gallery crews recognize its low-glare steel construction.","focus fragment|inscribed fitting","relic|arcane-focus|uncommon|tier-2|underground|lower-gallery-crews|finished|ominous|wood|focus","70","1.2","84","1","ominous","Deepdelve Rod is rated uncommon and belongs to the channeling rod class associated with lower-gallery crews for underground use.","Channeling rod with low-glare finishes, mineral pigment, and reinforced corners. Directs force or resonance along a stable axis. Its mineral pigment can be read under low light and associates it with a tunnel district or crew.","Aligning its axis before use directs force or resonance along a controlled line toward one chosen target; in underground, its mineral pigment can be read under low light and associates it with a tunnel district or crew. For this channeling rod, tier 2: lets the operator trade speed for discretion; visible use can still reveal the bearer.","84","0.5","premium-table-10"
"2.0.0","pitm-0494","itm-fam-044","Deepdelve Spindle","crafting","workshop-tool","rare","3","underground","lower-gallery crews","finished","wood|low-glare steel","wood","none","tailoring","working","light","Controls fiber tension during thread production. Its low-glare surfaces and reinforced corners suit cramped passages and close work.","Maintaining its axis and tension produces repeatable thread suitable for later binding, repair, or fabrication; in underground, its low-glare surfaces and reinforced corners suit cramped passages and close work. For this textile spindle, tier 3: holds its defined advantage through one scene; success depends on maintaining the prepared conditions.","For this textile spindle, lower-gallery crews hoard dependable equipment between supply runs; it controls fiber tension during thread production. Inspect shaft straightness, whorl balance, hook wear, surface drag, and consistency of a short test winding; a complete regional build and traceable service history; a low-glare steel match supports a 39-unit guide price.","Textile spindle clue: its pigment stripe records a tunnel district or abandoned work crew. Check shaft straightness, whorl balance, hook wear, surface drag, and consistency of a short test winding, then compare against lower-gallery crews' low-glare steel standard; matching wear supports the account, while fresh work points to a planted lead.","Textile spindle with low-glare finishes, mineral pigment, and reinforced corners.","A bent shaft introduces a repeating weakness through the entire length of finished thread; in underground, surface light makes its dark calibration marks difficult to read. Lower-gallery crews face this textile spindle's tier-3 risk, which can invalidate the evidence gathered in this encounter.","turned wood|spindle fitting","crafting|workshop-tool|rare|tier-3|underground|lower-gallery-crews|finished|ominous|wood","25","1.55","39","1","ominous","Deepdelve Spindle is rated rare and belongs to the textile spindle class associated with lower-gallery crews for underground use.","Textile spindle with low-glare finishes, mineral pigment, and reinforced corners. Controls fiber tension during thread production. Its low-glare surfaces and reinforced corners suit cramped passages and close work.","Maintaining its axis and tension produces repeatable thread suitable for later binding, repair, or fabrication; in underground, its low-glare surfaces and reinforced corners suit cramped passages and close work. For this textile spindle, tier 3: holds its defined advantage through one scene; success depends on maintaining the prepared conditions.","39","0.5","premium-table-10"
"2.0.0","pitm-0454","itm-fam-004","Deepdelve Bell","trinket","personal-object","rare","3","underground","lower-gallery crews","finished","metal|low-glare steel","metal","focus","enchanting","delicate","tiny","Carries coded sound through poor visibility. Its mineral pigment can be read under low light and associates it with a tunnel district or crew.","Selecting and sounding a known cadence can warn, assemble, or redirect listeners when sight lines are poor; in underground, its mineral pigment can be read under low light and associates it with a tunnel district or crew. For this signal bell, tier 3: holds its defined advantage through one scene; success depends on maintaining the prepared conditions.","For this signal bell, lower-gallery crews hoard dependable equipment between supply runs; it carries coded sound through poor visibility. Inspect clapper clearance, suspension wear, rim cracks, and whether the tone still matches its recorded signal; a complete regional build and traceable service history; a low-glare steel match supports a 39-unit guide price.","Signal bell clue: its pigment stripe records a tunnel district or abandoned work crew. Check clapper clearance, suspension wear, rim cracks, and whether the tone still matches its recorded signal, then compare against lower-gallery crews' low-glare steel standard; a consistent build links the clue to its source; mixed methods indicate tampering.","Signal bell with low-glare finishes, mineral pigment, and reinforced corners.","A changed tone can transmit the wrong instruction or reveal that a supposedly authentic bell has been altered; in underground, bright surface light washes out the distinctions between pigment marks. This signal bell's tier-3 fault can invalidate the evidence gathered in this encounter; Lower-gallery crews recognize its low-glare steel construction.","small fitting","trinket|personal-object|rare|tier-3|underground|lower-gallery-crews|finished|ominous|metal|focus","25","1.55","39","3","ominous","Deepdelve Bell is rated rare and belongs to the signal bell class associated with lower-gallery crews for underground use.","Signal bell with low-glare finishes, mineral pigment, and reinforced corners. Carries coded sound through poor visibility. Its mineral pigment can be read under low light and associates it with a tunnel district or crew.","Selecting and sounding a known cadence can warn, assemble, or redirect listeners when sight lines are poor; in underground, its mineral pigment can be read under low light and associates it with a tunnel district or crew. For this signal bell, tier 3: holds its defined advantage through one scene; success depends on maintaining the prepared conditions.","39","0.1","premium-table-10"
"2.0.0","pitm-0475","itm-fam-025","Deepdelve Key","quest","key-item","rare","4","underground","lower-gallery crews","key-item","metal|low-glare steel","metal","none","","stable","tiny","Opens or authenticates one linked mechanism. Its mineral pigment can be read under low light and associates it with a tunnel district or crew.","Matching its coded surfaces to the linked mechanism can open access or prove that the bearer controls an authorized copy; in underground, its mineral pigment can be read under low light and associates it with a tunnel district or crew. For this coded access key, tier 4: anchors a group effort that would otherwise fragment; new hazards remain outside its scope.","For this coded access key, lower-gallery crews hoard dependable equipment between supply runs; it opens or authenticates one linked mechanism. Inspect tooth wear, shaft straightness, code marks, repair seams, and residue from the intended lock; scarce expert construction with a clean chain of custody; a low-glare steel match supports a 36-unit guide price.","Coded access key clue: its pigment stripe records a tunnel district or abandoned work crew. Check tooth wear, shaft straightness, code marks, repair seams, and residue from the intended lock, then compare against lower-gallery crews' low-glare steel standard; separate ordinary repair from deliberate alteration before trusting the clue.","Coded access key with low-glare finishes, mineral pigment, and reinforced corners.","A near-copy can enter the mechanism yet jam before completing authentication; in underground, bright surface light washes out the distinctions between pigment marks. Coded access key consequence at tier 4: A fault can expose every participant using the same plan when lower-gallery crews rely on it.","","quest|key-item|rare|tier-4|underground|lower-gallery-crews|ominous|metal","19","1.9","36","1","ominous","Deepdelve Key is rated rare and belongs to the coded access key class associated with lower-gallery crews for underground use.","Coded access key with low-glare finishes, mineral pigment, and reinforced corners. Opens or authenticates one linked mechanism. Its mineral pigment can be read under low light and associates it with a tunnel district or crew.","Matching its coded surfaces to the linked mechanism can open access or prove that the bearer controls an authorized copy; in underground, its mineral pigment can be read under low light and associates it with a tunnel district or crew. For this coded access key, tier 4: anchors a group effort that would otherwise fragment; new hazards remain outside its scope.","36","0.1","premium-table-10"
"2.0.0","pitm-0480","itm-fam-030","Deepdelve Mask","wearable","wearable","rare","4","underground","lower-gallery crews","finished","mixed|low-glare steel","mixed","none","tailoring|smithing","working","light","Conceals identity or filters a specific hazard. Its close profile avoids projections that catch on narrow stone passages.","Fitting it before exposure can conceal identity or filter one anticipated hazard, but not both equally; in underground, its close profile avoids projections that catch on narrow stone passages. For this identity or filter mask, tier 4: anchors a group effort that would otherwise fragment; the item cannot replace situational judgment.","For this identity or filter mask, lower-gallery crews hoard dependable equipment between supply runs; it conceals identity or filters a specific hazard. Inspect seal fit, strap elasticity, filter condition, interior residue, and sight-line alignment; scarce expert construction with a clean chain of custody; a low-glare steel match supports a 74-unit guide price.","Identity or filter mask clue: its pigment stripe records a tunnel district or abandoned work crew. Check seal fit, strap elasticity, filter condition, interior residue, and sight-line alignment, then compare against lower-gallery crews' low-glare steel standard; a mismatch suggests deliberate substitution; a match strengthens the origin claim.","Identity or filter mask with low-glare finishes, mineral pigment, and reinforced corners.","A poor seal can preserve the appearance of protection while admitting the hazard at the edges; in underground, the low-visibility finish is easy to misplace outside the tunnels. For this identity or filter mask, tier 4 failure can expose every participant using the same plan; Lower-gallery crews encounter the fault in use.","fastener|fabric or hide","wearable|rare|tier-4|underground|lower-gallery-crews|finished|ominous|mixed","39","1.9","74","1","ominous","Deepdelve Mask is rated rare and belongs to the identity or filter mask class associated with lower-gallery crews for underground use.","Identity or filter mask with low-glare finishes, mineral pigment, and reinforced corners. Conceals identity or filters a specific hazard. Its close profile avoids projections that catch on narrow stone passages.","Fitting it before exposure can conceal identity or filter one anticipated hazard, but not both equally; in underground, its close profile avoids projections that catch on narrow stone passages. For this identity or filter mask, tier 4: anchors a group effort that would otherwise fragment; the item cannot replace situational judgment.","74","0.5","premium-table-10"
"2.0.0","pitm-0481","itm-fam-031","Deepdelve Needle","tool","field-tool","epic","5","underground","lower-gallery crews","finished","metal|low-glare steel","metal","none","smithing|woodcraft|survival|artifice","working","light","Supports stitching, sampling, or delicate repair. Its low-glare surfaces and reinforced corners suit cramped passages and close work.","Using its point and eye for one precise pass can stitch, sample, probe, or repair without disturbing nearby material; in underground, its low-glare surfaces and reinforced corners suit cramped passages and close work. For this precision needle, tier 5: can convert a fully prepared plan into a defining advantage; active danger still needs a separate answer.","For this precision needle, lower-gallery crews hoard dependable equipment between supply runs; it supports stitching, sampling, or delicate repair. Inspect point straightness, burrs, eye cracks, surface residue, and flex under light pressure; unique operational history verified by several sources; a low-glare steel match supports a 48-unit guide price.","Precision needle clue: its pigment stripe records a tunnel district or abandoned work crew. Check point straightness, burrs, eye cracks, surface residue, and flex under light pressure, then compare against lower-gallery crews' low-glare steel standard; use the oldest intact surface to decide whether the claim is genuine.","Precision needle with low-glare finishes, mineral pigment, and reinforced corners.","A hidden burr tears the material or contaminates the sample during withdrawal; in underground, surface light makes its dark calibration marks difficult to read. This precision needle's tier-5 fault may create a lasting consequence beyond the current objective; Lower-gallery crews recognize its low-glare steel construction.","tool component|binding material","tool|field-tool|epic|tier-5|underground|lower-gallery-crews|finished|ominous|metal","19","2.5","48","1","ominous","Deepdelve Needle is rated epic and belongs to the precision needle class associated with lower-gallery crews for underground use.","Precision needle with low-glare finishes, mineral pigment, and reinforced corners. Supports stitching, sampling, or delicate repair. Its low-glare surfaces and reinforced corners suit cramped passages and close work.","Using its point and eye for one precise pass can stitch, sample, probe, or repair without disturbing nearby material; in underground, its low-glare surfaces and reinforced corners suit cramped passages and close work. For this precision needle, tier 5: can convert a fully prepared plan into a defining advantage; active danger still needs a separate answer.","48","0.5","premium-table-10"
"2.0.0","pitm-0466","itm-fam-016","Deepdelve Cup","trade","ceremonial-vessel","epic","5","underground","lower-gallery crews","finished","ceramic|low-glare steel","ceramic","none","","stable","medium","Moves as a valued household or ceremonial good. It is reinforced for hoists, narrow carts, and long intervals between supply runs.","Using it in a formal exchange can reveal hospitality, rank, taboo, or whether participants recognize the same custom; in underground, it is reinforced for hoists, narrow carts, and long intervals between supply runs. For this refined drinking vessel, tier 5: can convert a fully prepared plan into a defining advantage; unexpected opposition requires another plan.","For this refined drinking vessel, lower-gallery crews hoard dependable equipment between supply runs; it moves as a valued household or ceremonial good. Inspect rim wear, glaze repairs, maker marks, residue, and whether paired ceremonial details remain intact; unique operational history verified by several sources; a low-glare steel match supports a 65-unit guide price.","Refined drinking vessel clue: its pigment stripe records a tunnel district or abandoned work crew. Check rim wear, glaze repairs, maker marks, residue, and whether paired ceremonial details remain intact, then compare against lower-gallery crews' low-glare steel standard; corroborate the claimed route only when construction and handling marks align.","Refined drinking vessel with low-glare finishes, mineral pigment, and reinforced corners.","An unnoticed repair or contaminant can turn a trust-building ritual into an insult or accusation; in underground, the reinforcement adds cost without much benefit on open roads. For this refined drinking vessel, tier 5 failure may create a lasting consequence beyond the current objective; Lower-gallery crews encounter the fault in use.","packing material","trade|ceremonial-vessel|epic|tier-5|underground|lower-gallery-crews|finished|ominous|ceramic","26","2.5","65","4","ominous","Deepdelve Cup is rated epic and belongs to the refined drinking vessel class associated with lower-gallery crews for underground use.","Refined drinking vessel with low-glare finishes, mineral pigment, and reinforced corners. Moves as a valued household or ceremonial good. It is reinforced for hoists, narrow carts, and long intervals between supply runs.","Using it in a formal exchange can reveal hospitality, rank, taboo, or whether participants recognize the same custom; in underground, it is reinforced for hoists, narrow carts, and long intervals between supply runs. For this refined drinking vessel, tier 5: can convert a fully prepared plan into a defining advantage; unexpected opposition requires another plan.","65","1.5","premium-table-10"
